Marca,Modelo,Estado,Tienda,AÃ±o,Precio,Almacenamiento (GB)
Asus,Convertible,Nuevo,PCWorld,2019,3950,512
MSI,Convertible,Certificado,ComputoMx,2001,800,768
Asus,Desktop,Certificado,TechStore,2000,4750,1152
Acer,Gaming,Nuevo,ComputoMx,2006,3300,1920
Apple,Desktop,Usado,ComputoMx,2013,3600,1408
Acer,Workstation,Nuevo,ElectroShop,2014,350,512
Asus,Workstation,Certificado,ComputoMx,2019,2900,640
Lenovo,Desktop,Usado,PCWorld,2013,550,896
Asus,Gaming,Usado,PCWorld,2014,2550,768
Apple,All-in-One,Usado,PCWorld,2021,1100,1152
Asus,Workstation,Usado,ComputoMx,2011,1200,1152
Samsung,Workstation,Nuevo,ComputoMx,2004,2900,1024
Sony,Convertible,Nuevo,TechStore,2004,1250,1408
Lenovo,Gaming,Usado,ComputoMx,2014,800,640
Acer,Laptop,Nuevo,PCWorld,2004,4750,1920
Sony,Laptop,Usado,PCWorld,2018,750,1408
Sony,Laptop,Nuevo,ComputoMx,2016,2550,1664
Sony,Desktop,Certificado,ElectroShop,2017,1900,768
Toshiba,Convertible,Nuevo,TechStore,2000,3800,896
Dell,Workstation,Certificado,ComputoMx,2022,900,1920
Asus,Gaming,Certificado,ComputoMx,2008,1300,128
Asus,Workstation,Certificado,ElectroShop,2006,950,1792
MSI,Convertible,Nuevo,TechStore,2003,650,1152
MSI,All-in-One,Usado,GadgetPlus,2019,1400,1920
MSI,Workstation,Certificado,GadgetPlus,2006,3750,640
Lenovo,Desktop,Nuevo,GadgetPlus,2006,4500,1920
Sony,Desktop,Usado,TechStore,2020,2650,1152
Sony,Workstation,Certificado,ComputoMx,2001,1850,1280
Apple,Laptop,Nuevo,TechStore,2004,3850,256
Acer,Convertible,Nuevo,PCWorld,2010,1450,128
Samsung,Convertible,Usado,TechStore,2007,1300,256
Sony,Desktop,Certificado,ComputoMx,2006,3800,1920
Sony,Workstation,Usado,TechStore,2022,4700,768
Apple,Desktop,Nuevo,ComputoMx,2005,4450,1792
Toshiba,Laptop,Usado,PCWorld,2019,650,1792
Dell,Desktop,Nuevo,GadgetPlus,2024,3700,1152
MSI,Laptop,Certificado,ComputoMx,2003,3700,1536
Toshiba,Desktop,Certificado,GadgetPlus,2021,2300,1408
Acer,Workstation,Nuevo,GadgetPlus,2009,1800,768
Samsung,Workstation,Usado,ElectroShop,2017,2050,1280
Toshiba,Desktop,Usado,GadgetPlus,2020,2700,1408
Toshiba,Convertible,Certificado,GadgetPlus,2014,1650,1152
HP,Convertible,Nuevo,ElectroShop,2014,3650,768
Acer,Gaming,Usado,PCWorld,2014,350,1024
Asus,Laptop,Usado,ElectroShop,2019,450,1920
Apple,All-in-One,Usado,TechStore,2006,2400,128
Asus,Gaming,Nuevo,PCWorld,2022,1500,128
Dell,Gaming,Nuevo,ElectroShop,2018,4600,1920
Samsung,Convertible,Certificado,GadgetPlus,2003,1450,1408
Lenovo,Desktop,Usado,PCWorld,2001,1050,1152
Lenovo,Convertible,Certificado,GadgetPlus,2005,900,1152
Asus,Convertible,Usado,TechStore,2001,1850,1536
Samsung,Convertible,Nuevo,TechStore,2016,2400,768
Apple,Gaming,Usado,ComputoMx,2011,2550,512
Acer,All-in-One,Certificado,PCWorld,2019,3950,1664
Acer,All-in-One,Certificado,GadgetPlus,2007,3950,1920
Dell,Workstation,Certificado,ElectroShop,2010,4750,1664
Samsung,Desktop,Certificado,ElectroShop,2013,4950,1920
Asus,Gaming,Nuevo,ComputoMx,2005,4350,512
Sony,Convertible,Usado,GadgetPlus,2023,2250,768
MSI,Laptop,Usado,PCWorld,2015,2150,768
Sony,All-in-One,Certificado,PCWorld,2002,2350,896
Toshiba,Desktop,Certificado,GadgetPlus,2017,2950,1920
Lenovo,Workstation,Certificado,PCWorld,2021,1450,512
Dell,All-in-One,Usado,ComputoMx,2018,4800,768
Lenovo,Laptop,Nuevo,GadgetPlus,2002,3250,1152
Samsung,All-in-One,Nuevo,GadgetPlus,2013,700,128
MSI,Workstation,Nuevo,GadgetPlus,2010,4500,1664
Lenovo,All-in-One,Nuevo,GadgetPlus,2008,4300,1280
Toshiba,Workstation,Usado,PCWorld,2022,2200,128
Samsung,Workstation,Nuevo,ElectroShop,2012,350,896
Samsung,Gaming,Certificado,PCWorld,2012,2700,1792
Samsung,Laptop,Certificado,ComputoMx,2024,3600,1152
HP,Gaming,Nuevo,PCWorld,2014,250,1024
MSI,Laptop,Usado,TechStore,2004,3750,640
Toshiba,All-in-One,Nuevo,ComputoMx,2007,950,384
Apple,Convertible,Certificado,TechStore,2001,4850,1792
Apple,Workstation,Usado,GadgetPlus,2009,3150,1664
Toshiba,All-in-One,Certificado,ElectroShop,2019,2750,512
HP,Laptop,Nuevo,GadgetPlus,2014,2850,896
Toshiba,Workstation,Nuevo,PCWorld,2014,4650,128
Toshiba,Convertible,Certificado,ElectroShop,2010,1150,1792
Toshiba,Laptop,Nuevo,PCWorld,2013,350,1280
Sony,All-in-One,Usado,ComputoMx,2015,4700,256
Toshiba,Gaming,Usado,TechStore,2021,4700,1536
Toshiba,Workstation,Usado,PCWorld,2020,3300,1792
MSI,All-in-One,Usado,ComputoMx,2023,1800,1920
Sony,Convertible,Usado,TechStore,2022,900,1408
Sony,Workstation,Usado,ComputoMx,2015,2450,1664
Toshiba,Workstation,Usado,PCWorld,2015,4750,1280
Sony,Convertible,Certificado,ComputoMx,2021,2600,1536
Samsung,Desktop,Nuevo,ComputoMx,2022,3150,512
HP,Laptop,Usado,ElectroShop,2002,3300,128
Asus,Workstation,Usado,GadgetPlus,2004,1300,896
Samsung,Convertible,Nuevo,ElectroShop,2009,2650,1280
Sony,All-in-One,Certificado,PCWorld,2024,4300,1536
MSI,Gaming,Certificado,PCWorld,2001,2000,1024
Asus,Convertible,Nuevo,PCWorld,2006,3550,1920
Sony,All-in-One,Nuevo,ElectroShop,2012,3500,1024
Sony,Workstation,Usado,TechStore,2012,500,1920
Toshiba,All-in-One,Usado,ElectroShop,2020,3300,1280
Acer,Desktop,Nuevo,ElectroShop,2020,500,896
HP,Convertible,Nuevo,ElectroShop,2009,4250,1664
Apple,Laptop,Usado,GadgetPlus,2008,1900,384
Toshiba,Convertible,Certificado,TechStore,2014,3400,768
Lenovo,Desktop,Certificado,PCWorld,2021,2250,1664
Sony,Gaming,Usado,ComputoMx,2006,4950,256
Dell,Laptop,Usado,PCWorld,2006,4450,640
Samsung,Convertible,Usado,ElectroShop,2020,1450,640
HP,Laptop,Usado,GadgetPlus,2017,2900,128
Toshiba,All-in-One,Nuevo,PCWorld,2014,3750,1024
Apple,Desktop,Certificado,ComputoMx,2002,4600,1664
Apple,Desktop,Certificado,TechStore,2015,2500,256
HP,Convertible,Usado,ComputoMx,2017,2700,1024
Asus,Gaming,Certificado,PCWorld,2003,1200,128
Apple,All-in-One,Nuevo,ElectroShop,2001,4150,128
Sony,Laptop,Nuevo,PCWorld,2010,2450,1792
HP,Desktop,Certificado,TechStore,2001,2400,896
HP,All-in-One,Nuevo,ElectroShop,2017,1500,1024
Asus,Gaming,Certificado,PCWorld,2000,3750,1664
Toshiba,Gaming,Certificado,GadgetPlus,2022,1750,1920
MSI,Desktop,Certificado,GadgetPlus,2023,850,128
Asus,Desktop,Nuevo,GadgetPlus,2001,3000,1536
Asus,All-in-One,Usado,ElectroShop,2007,4100,128
Lenovo,Laptop,Usado,TechStore,2019,1750,1024
MSI,Desktop,Usado,TechStore,2015,1000,1792
Acer,All-in-One,Usado,ElectroShop,2021,3050,1792
Dell,All-in-One,Usado,GadgetPlus,2007,2900,384
Apple,Laptop,Nuevo,ElectroShop,2012,2250,896
Lenovo,Laptop,Certificado,ComputoMx,2010,4350,256
HP,Workstation,Nuevo,PCWorld,2019,1000,1792
Sony,All-in-One,Nuevo,ElectroShop,2012,1200,1408
Asus,Laptop,Nuevo,GadgetPlus,2017,2950,256
MSI,All-in-One,Usado,GadgetPlus,2006,4400,1280
Lenovo,Gaming,Nuevo,TechStore,2023,2300,1280
Dell,Laptop,Certificado,ComputoMx,2005,2750,384
Toshiba,Laptop,Usado,ComputoMx,2019,900,1152
Dell,Gaming,Nuevo,ElectroShop,2022,2250,1024
Asus,Convertible,Nuevo,PCWorld,2024,200,512
MSI,Desktop,Nuevo,ElectroShop,2020,3700,640
Dell,Convertible,Nuevo,GadgetPlus,2016,2200,384
Lenovo,Laptop,Usado,ElectroShop,2004,3800,1536
Dell,Workstation,Usado,TechStore,2014,300,1024
Asus,Laptop,Nuevo,GadgetPlus,2008,4350,1024
Toshiba,Laptop,Usado,GadgetPlus,2023,750,1536
Dell,Gaming,Usado,PCWorld,2011,2750,1024
Sony,Desktop,Usado,GadgetPlus,2002,3300,1536
Samsung,Workstation,Certificado,TechStore,2001,3800,128
HP,Convertible,Nuevo,TechStore,2017,4950,640
Samsung,All-in-One,Usado,ComputoMx,2014,2450,1408
Asus,Workstation,Nuevo,TechStore,2012,250,1664
HP,Workstation,Certificado,ComputoMx,2009,1350,1408
Dell,Laptop,Certificado,ComputoMx,2022,3400,1280
MSI,Convertible,Nuevo,PCWorld,2001,3400,640
Sony,Gaming,Nuevo,ElectroShop,2001,2200,1408
Toshiba,Laptop,Certificado,ElectroShop,2005,2150,128
Lenovo,Workstation,Nuevo,ElectroShop,2000,4050,1280
Sony,Convertible,Certificado,ElectroShop,2024,3800,256
Dell,Workstation,Certificado,ComputoMx,2016,4550,128
Toshiba,Gaming,Usado,TechStore,2014,1100,384
Lenovo,Laptop,Nuevo,ElectroShop,2000,850,256
MSI,Convertible,Nuevo,PCWorld,2008,3600,1408
Sony,Desktop,Usado,ComputoMx,2008,2350,1664
Acer,All-in-One,Nuevo,ComputoMx,2001,4700,1792
Sony,Convertible,Nuevo,PCWorld,2001,1350,640
Toshiba,Convertible,Usado,GadgetPlus,2019,4650,512
Apple,All-in-One,Certificado,TechStore,2010,2700,1024
HP,All-in-One,Usado,GadgetPlus,2016,1250,1920
HP,All-in-One,Usado,ElectroShop,2010,2800,512
Toshiba,Convertible,Usado,GadgetPlus,2009,3150,1792
Asus,Gaming,Usado,GadgetPlus,2006,4400,1536
Toshiba,Desktop,Certificado,GadgetPlus,2017,1600,1024
Dell,Gaming,Certificado,GadgetPlus,2004,3000,384
Acer,Workstation,Certificado,PCWorld,2004,2450,1280
Lenovo,Gaming,Usado,PCWorld,2006,650,1920
Toshiba,Gaming,Certificado,PCWorld,2009,3700,1024
Sony,Convertible,Nuevo,GadgetPlus,2012,3500,1024
Acer,Workstation,Nuevo,ElectroShop,2019,4050,640
Sony,Convertible,Certificado,PCWorld,2009,2850,1408
MSI,Gaming,Certificado,TechStore,2006,3400,1920
HP,All-in-One,Nuevo,TechStore,2020,850,1280
Acer,Laptop,Nuevo,ComputoMx,2016,4000,1920
Apple,Gaming,Nuevo,GadgetPlus,2013,3300,768
Samsung,Desktop,Certificado,PCWorld,2016,1150,1536
Samsung,Desktop,Certificado,GadgetPlus,2010,800,128
Toshiba,Laptop,Nuevo,GadgetPlus,2011,2700,768
Acer,Desktop,Usado,ElectroShop,2011,3100,1280
Apple,Laptop,Usado,ElectroShop,2004,3600,896
Apple,Laptop,Nuevo,ComputoMx,2007,4450,1664
Asus,Workstation,Certificado,ElectroShop,2001,3850,1536
Samsung,Gaming,Nuevo,PCWorld,2001,500,1664
Asus,Workstation,Certificado,PCWorld,2015,3200,1536
HP,Desktop,Usado,ElectroShop,2023,1750,1024
HP,Desktop,Certificado,TechStore,2005,3700,1408
Asus,Gaming,Certificado,ElectroShop,2017,3250,1536
MSI,Gaming,Nuevo,TechStore,2014,2600,512
Toshiba,Convertible,Usado,PCWorld,2004,4100,512
Lenovo,Desktop,Certificado,PCWorld,2007,1200,1408
Apple,Workstation,Certificado,ComputoMx,2023,4200,1792
Sony,Gaming,Nuevo,ComputoMx,2000,2000,1920
HP,Gaming,Nuevo,ComputoMx,2020,550,1664
Asus,Gaming,Usado,ElectroShop,2024,4000,768
Acer,Gaming,Certificado,GadgetPlus,2008,350,512
Samsung,Workstation,Nuevo,TechStore,2009,2850,512
Toshiba,Gaming,Usado,PCWorld,2019,4800,768
MSI,Desktop,Nuevo,TechStore,2005,2800,1280
Sony,Workstation,Nuevo,GadgetPlus,2008,3100,768
Apple,Workstation,Certificado,ElectroShop,2005,4850,896
Acer,Laptop,Usado,PCWorld,2001,2950,1536
Acer,Convertible,Certificado,ElectroShop,2014,3450,1664
Toshiba,Workstation,Usado,GadgetPlus,2020,4050,640
Lenovo,Convertible,Usado,ComputoMx,2017,2150,640
Samsung,All-in-One,Usado,GadgetPlus,2017,1650,512
HP,Workstation,Usado,ComputoMx,2009,2000,896
Apple,Gaming,Certificado,ComputoMx,2019,2350,768
Dell,Convertible,Nuevo,GadgetPlus,2012,1000,256
HP,Gaming,Usado,TechStore,2014,4450,1280
HP,Laptop,Nuevo,GadgetPlus,2016,2300,384
Asus,Desktop,Certificado,PCWorld,2015,3950,1280
Samsung,Desktop,Nuevo,ElectroShop,2003,4600,1536
Dell,Laptop,Nuevo,ComputoMx,2008,1650,384
Acer,Desktop,Usado,ElectroShop,2018,2050,1536
Dell,Workstation,Certificado,TechStore,2005,3400,1792
Dell,Laptop,Certificado,GadgetPlus,2018,4300,1152
Acer,Workstation,Nuevo,ComputoMx,2010,3300,768
HP,Workstation,Usado,ElectroShop,2013,1050,384
Toshiba,All-in-One,Certificado,ComputoMx,2018,1600,512
HP,Convertible,Certificado,GadgetPlus,2016,550,384
Lenovo,Gaming,Certificado,GadgetPlus,2010,3300,256
Sony,Desktop,Usado,GadgetPlus,2024,1350,1408
Apple,Gaming,Nuevo,PCWorld,2001,1200,1152
Dell,Laptop,Nuevo,ElectroShop,2011,4300,1024
Lenovo,All-in-One,Certificado,ElectroShop,2004,2200,640
MSI,All-in-One,Nuevo,PCWorld,2003,3600,1280
Asus,Laptop,Nuevo,ComputoMx,2012,1250,1152
Lenovo,All-in-One,Usado,PCWorld,2022,1350,896
Lenovo,Desktop,Nuevo,GadgetPlus,2003,1800,1536
HP,Convertible,Usado,GadgetPlus,2002,1500,1024
HP,Convertible,Certificado,TechStore,2008,3900,1664
Samsung,Convertible,Nuevo,GadgetPlus,2020,1950,640
Apple,Workstation,Usado,ElectroShop,2000,4850,1664
Lenovo,All-in-One,Nuevo,TechStore,2015,3550,1792
Lenovo,All-in-One,Usado,TechStore,2000,2600,1280
HP,Laptop,Certificado,ComputoMx,2002,3150,1152
Asus,Desktop,Certificado,ComputoMx,2016,3150,256
HP,Laptop,Certificado,ElectroShop,2006,2650,512
Dell,Convertible,Certificado,PCWorld,2012,2100,1792
Acer,All-in-One,Usado,TechStore,2021,2400,1024
MSI,All-in-One,Certificado,ElectroShop,2000,350,1664
Asus,Workstation,Nuevo,ComputoMx,2017,2400,1536
HP,Desktop,Certificado,ElectroShop,2012,1550,896
HP,Workstation,Usado,PCWorld,2001,1950,1792
Acer,Convertible,Nuevo,PCWorld,2005,2550,1536
Dell,All-in-One,Certificado,ComputoMx,2018,4600,1408
Apple,All-in-One,Certificado,PCWorld,2013,2300,128
MSI,Desktop,Usado,GadgetPlus,2006,3900,1920
Toshiba,Workstation,Nuevo,ComputoMx,2003,4650,640
Toshiba,Workstation,Nuevo,ElectroShop,2017,4950,1152
Asus,All-in-One,Nuevo,ComputoMx,2005,2500,1280
Acer,Gaming,Usado,TechStore,2012,750,1024
MSI,All-in-One,Usado,TechStore,2024,2500,1792
MSI,Laptop,Usado,ComputoMx,2007,2000,1408
Dell,Convertible,Usado,PCWorld,2012,2550,1536
Acer,All-in-One,Nuevo,GadgetPlus,2003,3200,768
Samsung,Gaming,Certificado,GadgetPlus,2014,1300,1280
Acer,Workstation,Nuevo,GadgetPlus,2017,3050,1024
HP,All-in-One,Usado,ComputoMx,2022,4900,384
Sony,Gaming,Certificado,GadgetPlus,2019,3350,512
Sony,All-in-One,Certificado,TechStore,2003,650,256
Acer,Laptop,Certificado,ElectroShop,2024,3400,1280
HP,Desktop,Nuevo,TechStore,2015,350,896
Dell,Workstation,Nuevo,TechStore,2013,3450,384
Asus,Desktop,Certificado,ElectroShop,2020,2500,1280
Apple,Convertible,Certificado,PCWorld,2000,3300,768
Toshiba,Convertible,Usado,TechStore,2016,4700,768
Acer,Convertible,Nuevo,ComputoMx,2020,850,768
Toshiba,Convertible,Usado,GadgetPlus,2017,1400,1408
Asus,Convertible,Certificado,ComputoMx,2017,1850,256
Toshiba,Desktop,Certificado,GadgetPlus,2000,3050,512
Lenovo,All-in-One,Nuevo,TechStore,2016,250,896
Samsung,Convertible,Usado,ComputoMx,2013,4500,1024
MSI,Laptop,Usado,PCWorld,2016,4300,128
Acer,Gaming,Nuevo,ElectroShop,2008,3000,1280
Lenovo,Workstation,Nuevo,PCWorld,2003,3950,1664
Asus,Convertible,Certificado,ElectroShop,2002,3450,1280
Samsung,Desktop,Certificado,TechStore,2003,4850,768
Acer,Laptop,Certificado,PCWorld,2018,2200,1408
Toshiba,Gaming,Certificado,ComputoMx,2004,1450,1536
Apple,Convertible,Certificado,PCWorld,2012,4750,1024
Apple,Desktop,Usado,TechStore,2016,4950,1664
Toshiba,Gaming,Nuevo,TechStore,2010,2400,896
Toshiba,Gaming,Usado,ComputoMx,2010,4900,1024
Dell,All-in-One,Usado,PCWorld,2018,2350,1280
Apple,Desktop,Usado,ComputoMx,2003,3700,1408
HP,Gaming,Nuevo,GadgetPlus,2005,3850,640
Sony,Workstation,Usado,TechStore,2018,1950,1792
Sony,Laptop,Nuevo,PCWorld,2000,1300,640
Samsung,Workstation,Usado,ComputoMx,2007,1750,1408
Asus,Desktop,Certificado,PCWorld,2012,600,1792
Samsung,Gaming,Nuevo,ElectroShop,2021,3250,1792
Dell,Laptop,Nuevo,GadgetPlus,2020,3150,1280
Toshiba,Laptop,Usado,PCWorld,2003,2700,1792
Acer,All-in-One,Nuevo,GadgetPlus,2021,2850,1664
Toshiba,Desktop,Certificado,TechStore,2018,3350,1664
HP,Convertible,Nuevo,TechStore,2014,1050,1152
Dell,Convertible,Certificado,TechStore,2018,3400,896
Dell,Convertible,Nuevo,ElectroShop,2017,2050,1920
MSI,Workstation,Certificado,ElectroShop,2004,4150,896
Asus,Desktop,Nuevo,PCWorld,2003,1500,1536
MSI,All-in-One,Certificado,PCWorld,2021,2650,768
Dell,Laptop,Certificado,TechStore,2007,3850,1024
Acer,Convertible,Nuevo,TechStore,2018,1200,1408
Samsung,All-in-One,Nuevo,ComputoMx,2004,3200,640
Dell,All-in-One,Certificado,PCWorld,2005,3900,1920
Sony,Workstation,Nuevo,ComputoMx,2017,700,896
Dell,Workstation,Usado,PCWorld,2010,1600,384
Asus,Workstation,Usado,PCWorld,2022,250,1280
Toshiba,Workstation,Certificado,TechStore,2013,750,640
Dell,Workstation,Certificado,ElectroShop,2008,1900,1024
Apple,Laptop,Certificado,ComputoMx,2015,3100,896
Lenovo,Gaming,Certificado,ElectroShop,2018,3250,1792
Samsung,Gaming,Usado,ElectroShop,2011,2700,1280
Lenovo,Laptop,Nuevo,TechStore,2004,3550,384
MSI,All-in-One,Certificado,TechStore,2008,2300,1920
Acer,Workstation,Nuevo,ElectroShop,2004,1100,1024
Apple,Desktop,Certificado,ElectroShop,2013,3800,1024
Lenovo,All-in-One,Nuevo,PCWorld,2006,1550,1920
Toshiba,All-in-One,Usado,ElectroShop,2016,3100,1920
Toshiba,Convertible,Nuevo,GadgetPlus,2022,4950,1408
Apple,Workstation,Certificado,ElectroShop,2020,3050,512
Sony,Desktop,Certificado,ElectroShop,2013,4350,1408
Toshiba,Desktop,Certificado,PCWorld,2022,1500,384
Toshiba,All-in-One,Usado,ComputoMx,2012,4300,1664
Apple,All-in-One,Certificado,TechStore,2002,650,512
Acer,All-in-One,Usado,ElectroShop,2007,2250,128
Apple,Gaming,Usado,GadgetPlus,2004,700,1664
MSI,All-in-One,Usado,TechStore,2002,2900,1024
Apple,Desktop,Nuevo,ElectroShop,2000,3300,512
Toshiba,All-in-One,Nuevo,GadgetPlus,2019,200,512
Toshiba,All-in-One,Nuevo,GadgetPlus,2017,3900,640
MSI,Gaming,Usado,ElectroShop,2001,1300,1408
Lenovo,Desktop,Usado,PCWorld,2017,2350,1152
Asus,All-in-One,Certificado,ElectroShop,2007,1200,1280
Sony,Desktop,Certificado,PCWorld,2021,2050,128
Apple,Laptop,Nuevo,GadgetPlus,2020,3950,1152
Samsung,Laptop,Usado,GadgetPlus,2016,3450,1664
MSI,Workstation,Nuevo,ElectroShop,2012,4800,768
Sony,Desktop,Certificado,PCWorld,2009,1400,1152
Toshiba,Laptop,Certificado,ComputoMx,2011,2800,1152
Apple,Workstation,Usado,ElectroShop,2016,1200,1024
Apple,Convertible,Certificado,ComputoMx,2014,3250,256
Asus,All-in-One,Certificado,GadgetPlus,2015,2500,512
Dell,Desktop,Certificado,ElectroShop,2000,300,768
Lenovo,Desktop,Certificado,ElectroShop,2018,4550,512
Dell,All-in-One,Usado,PCWorld,2010,4600,1920
Dell,Workstation,Certificado,GadgetPlus,2010,550,1024
Lenovo,Desktop,Nuevo,TechStore,2023,3000,1408
Dell,All-in-One,Usado,GadgetPlus,2002,4800,896
Sony,Laptop,Usado,ComputoMx,2016,4950,1792
MSI,Laptop,Nuevo,PCWorld,2020,4150,1536
MSI,Laptop,Certificado,TechStore,2004,4200,1408
Lenovo,All-in-One,Certificado,ComputoMx,2015,2600,768
Lenovo,All-in-One,Nuevo,GadgetPlus,2018,850,1024
Lenovo,All-in-One,Nuevo,TechStore,2004,3750,1920
Acer,All-in-One,Certificado,PCWorld,2016,4650,768
Dell,Workstation,Usado,PCWorld,2017,1400,1152
Sony,Laptop,Usado,ElectroShop,2005,4450,1920
Toshiba,Gaming,Certificado,ComputoMx,2010,700,256
Apple,Laptop,Nuevo,TechStore,2017,4450,1664
MSI,All-in-One,Certificado,GadgetPlus,2019,850,896
Sony,Convertible,Nuevo,GadgetPlus,2022,1450,1280
Acer,Workstation,Nuevo,ComputoMx,2020,300,1024
Asus,Workstation,Certificado,ComputoMx,2017,1850,640
Lenovo,Convertible,Nuevo,TechStore,2010,4250,1920
Sony,Workstation,Nuevo,PCWorld,2007,2550,1408
Asus,Workstation,Certificado,PCWorld,2017,3150,1920
Dell,Convertible,Usado,PCWorld,2018,1850,640
Dell,Workstation,Usado,ComputoMx,2009,1000,1024
Acer,Laptop,Usado,PCWorld,2011,600,512
Sony,Gaming,Nuevo,PCWorld,2023,500,768
Asus,All-in-One,Certificado,ComputoMx,2020,800,1792
Samsung,Laptop,Usado,ElectroShop,2022,4800,512
MSI,Desktop,Usado,TechStore,2020,1300,768
HP,Desktop,Certificado,ElectroShop,2004,3150,1280
Dell,Desktop,Nuevo,GadgetPlus,2005,4200,1792
Asus,Desktop,Nuevo,ComputoMx,2008,3100,640
Dell,Desktop,Usado,ComputoMx,2014,2700,1280
MSI,Desktop,Certificado,ComputoMx,2019,2950,256
Lenovo,Laptop,Certificado,GadgetPlus,2009,4150,1408
Apple,Workstation,Certificado,PCWorld,2012,3350,768
Sony,Convertible,Nuevo,PCWorld,2008,3700,512
MSI,Convertible,Nuevo,GadgetPlus,2013,1700,256
Dell,Gaming,Certificado,PCWorld,2001,2300,896
Apple,All-in-One,Certificado,GadgetPlus,2008,1300,384
Toshiba,Workstation,Certificado,PCWorld,2016,4400,1536
Sony,Gaming,Usado,TechStore,2001,1850,640
Toshiba,Convertible,Usado,PCWorld,2001,1900,1920
Acer,Workstation,Usado,ComputoMx,2011,3400,1408
Acer,Convertible,Nuevo,ComputoMx,2005,3650,1536
Samsung,Desktop,Nuevo,GadgetPlus,2017,2500,1536
Asus,Workstation,Nuevo,PCWorld,2023,4150,640
Sony,Laptop,Usado,ComputoMx,2014,950,384
Dell,Workstation,Usado,GadgetPlus,2012,1400,768
Toshiba,Desktop,Certificado,ComputoMx,2003,2350,1024
Asus,Desktop,Usado,GadgetPlus,2000,4650,1536
Samsung,Laptop,Nuevo,ComputoMx,2001,2300,1152
HP,Workstation,Usado,PCWorld,2003,3450,1920
Samsung,Desktop,Certificado,TechStore,2019,4550,128
HP,Gaming,Certificado,ComputoMx,2024,500,256
Acer,Gaming,Usado,ComputoMx,2019,650,128
Apple,Laptop,Certificado,GadgetPlus,2010,3650,768
Asus,Desktop,Nuevo,PCWorld,2021,4950,1536
Lenovo,Laptop,Certificado,ElectroShop,2007,2400,128
Sony,Desktop,Usado,ComputoMx,2021,4700,1408
Samsung,Desktop,Certificado,ElectroShop,2013,300,1536
Samsung,Gaming,Certificado,TechStore,2017,3050,384
Samsung,Convertible,Certificado,ElectroShop,2015,4750,1152
MSI,Laptop,Certificado,ElectroShop,2008,4850,1408
Apple,All-in-One,Certificado,ComputoMx,2013,3650,768
Lenovo,All-in-One,Nuevo,TechStore,2024,2000,1536
Toshiba,Laptop,Nuevo,ComputoMx,2009,4150,1536
Sony,Laptop,Usado,TechStore,2021,2750,1664
Samsung,All-in-One,Certificado,ComputoMx,2019,1700,1664
Acer,Workstation,Usado,ComputoMx,2016,4550,1792
Lenovo,Workstation,Certificado,PCWorld,2015,1300,1024
Apple,Convertible,Usado,TechStore,2006,700,640
HP,Desktop,Nuevo,GadgetPlus,2008,3150,1408
HP,Convertible,Certificado,ComputoMx,2007,1100,1280
Toshiba,Gaming,Usado,ComputoMx,2020,3100,896
Samsung,Desktop,Certificado,GadgetPlus,2003,3050,768
Dell,All-in-One,Nuevo,ElectroShop,2019,3850,1792
Toshiba,All-in-One,Usado,PCWorld,2018,1500,640
Asus,Gaming,Certificado,ComputoMx,2010,4400,640
Sony,All-in-One,Nuevo,ComputoMx,2005,2000,1792
Toshiba,Laptop,Usado,ComputoMx,2009,3800,1408
Toshiba,Laptop,Nuevo,PCWorld,2013,600,1792
MSI,Desktop,Certificado,ComputoMx,2002,3250,384
Samsung,Gaming,Nuevo,GadgetPlus,2019,700,1664
MSI,Desktop,Certificado,GadgetPlus,2009,250,1664
Toshiba,Laptop,Nuevo,TechStore,2004,1200,1664
Apple,Workstation,Certificado,ElectroShop,2024,1600,1536
Acer,Gaming,Nuevo,ElectroShop,2017,500,1664
Dell,All-in-One,Usado,PCWorld,2015,2050,896
Sony,Workstation,Usado,ElectroShop,2000,4700,1792
Asus,All-in-One,Certificado,PCWorld,2014,250,1280
Asus,Gaming,Usado,PCWorld,2008,1450,512
Toshiba,Laptop,Usado,PCWorld,2003,550,384
Sony,Convertible,Nuevo,ComputoMx,2023,2450,1408
Dell,Convertible,Usado,TechStore,2012,3850,1792
Toshiba,Laptop,Usado,ElectroShop,2004,4600,512
Lenovo,Desktop,Nuevo,TechStore,2008,1250,1024
HP,All-in-One,Certificado,ElectroShop,2007,2750,1152
MSI,All-in-One,Usado,ElectroShop,2010,4650,384
MSI,All-in-One,Nuevo,GadgetPlus,2014,2600,1408
Asus,All-in-One,Nuevo,TechStore,2022,4950,640
Acer,Convertible,Nuevo,ComputoMx,2018,4000,1920
Lenovo,Workstation,Certificado,GadgetPlus,2004,4050,1408
Toshiba,Desktop,Nuevo,ComputoMx,2011,1200,1920
Acer,Workstation,Certificado,ElectroShop,2022,550,1152
Asus,Gaming,Usado,GadgetPlus,2021,900,1152
Asus,Workstation,Nuevo,TechStore,2011,3650,512
Sony,Workstation,Certificado,ElectroShop,2000,2650,256
Apple,All-in-One,Nuevo,TechStore,2014,2300,1792
Acer,Gaming,Usado,GadgetPlus,2002,2150,768
Sony,All-in-One,Certificado,ElectroShop,2007,4550,768
HP,Convertible,Usado,ComputoMx,2015,450,1792
Samsung,Workstation,Nuevo,PCWorld,2016,3800,1024
Lenovo,Convertible,Nuevo,ElectroShop,2020,2000,1792
Dell,Workstation,Usado,TechStore,2018,2750,512
Apple,Gaming,Nuevo,PCWorld,2015,4450,1920
Acer,Workstation,Certificado,GadgetPlus,2001,2100,1664
HP,Laptop,Nuevo,GadgetPlus,2007,2650,1664
Lenovo,All-in-One,Nuevo,TechStore,2021,4850,384
HP,Desktop,Usado,ElectroShop,2021,1100,1664
MSI,All-in-One,Nuevo,TechStore,2017,1250,1280
Apple,Workstation,Certificado,ComputoMx,2015,500,1664
Toshiba,Desktop,Usado,GadgetPlus,2005,2950,640
Lenovo,Convertible,Certificado,GadgetPlus,2009,3600,512
Acer,Laptop,Nuevo,ComputoMx,2009,4650,1280
HP,All-in-One,Usado,ElectroShop,2010,4800,1280
HP,Convertible,Usado,GadgetPlus,2006,2750,1664
HP,Laptop,Certificado,PCWorld,2010,3200,896
Samsung,Gaming,Usado,TechStore,2019,2100,1792
Asus,Laptop,Certificado,PCWorld,2002,3800,1792
MSI,Desktop,Nuevo,ElectroShop,2015,4650,1408
Toshiba,All-in-One,Usado,ElectroShop,2016,3850,1280
HP,Desktop,Certificado,PCWorld,2001,3950,1920
Toshiba,Desktop,Usado,TechStore,2017,3100,1536
Lenovo,Desktop,Usado,PCWorld,2019,450,384
Acer,Workstation,Certificado,PCWorld,2013,4850,1664
Acer,Laptop,Certificado,ComputoMx,2010,1950,640
Toshiba,Workstation,Nuevo,ComputoMx,2000,4300,1408
Asus,Workstation,Usado,ComputoMx,2013,3450,640
MSI,Laptop,Usado,ComputoMx,2008,3600,1408
Acer,Desktop,Nuevo,ElectroShop,2016,2450,128
Dell,Gaming,Certificado,GadgetPlus,2015,2000,1792
Sony,Laptop,Certificado,PCWorld,2023,4400,256
Apple,Desktop,Certificado,GadgetPlus,2019,3150,896
Sony,All-in-One,Nuevo,ComputoMx,2014,3750,384
Acer,Gaming,Nuevo,ElectroShop,2021,4900,384
Apple,Desktop,Usado,TechStore,2015,3550,1920
Sony,Gaming,Usado,TechStore,2015,700,1664
Asus,Workstation,Usado,TechStore,2000,4000,1664
HP,Laptop,Certificado,PCWorld,2015,2250,896
HP,Convertible,Nuevo,PCWorld,2015,3700,1152
Sony,Gaming,Nuevo,GadgetPlus,2005,3550,1920
Acer,Desktop,Certificado,PCWorld,2004,650,1664
HP,Gaming,Certificado,TechStore,2006,650,1920
HP,Desktop,Nuevo,ElectroShop,2000,1450,1280
MSI,Desktop,Certificado,ComputoMx,2020,350,1792
Asus,Convertible,Certificado,ComputoMx,2016,2600,1408
Acer,Workstation,Usado,ComputoMx,2017,2900,1920
Acer,Desktop,Usado,GadgetPlus,2024,1500,1408
Sony,Laptop,Usado,ElectroShop,2024,1550,1792
Samsung,Gaming,Nuevo,GadgetPlus,2006,4000,1536
Apple,All-in-One,Nuevo,GadgetPlus,2006,4850,1536
Toshiba,Laptop,Nuevo,ElectroShop,2024,550,1664
Samsung,All-in-One,Certificado,PCWorld,2000,3900,1536
Lenovo,Laptop,Nuevo,ComputoMx,2022,1200,128
Toshiba,Workstation,Usado,ElectroShop,2017,4500,1536
Lenovo,Gaming,Nuevo,PCWorld,2008,2950,1536
Acer,Workstation,Certificado,PCWorld,2001,4600,256
Samsung,Convertible,Certificado,PCWorld,2024,3600,1152
Apple,Workstation,Usado,TechStore,2010,3950,640
Acer,Convertible,Usado,PCWorld,2011,3700,1536
Asus,Gaming,Nuevo,ElectroShop,2008,3200,128
Lenovo,Gaming,Certificado,GadgetPlus,2016,2200,896
Toshiba,Gaming,Certificado,ComputoMx,2008,3850,128
Lenovo,Gaming,Nuevo,TechStore,2008,3200,1920
Asus,All-in-One,Usado,PCWorld,2008,1050,512
Dell,Desktop,Nuevo,ComputoMx,2003,3050,1536
MSI,Desktop,Nuevo,TechStore,2023,4950,768
Acer,Gaming,Certificado,GadgetPlus,2020,3900,1536
MSI,Desktop,Certificado,ComputoMx,2024,1450,384
Dell,Desktop,Nuevo,ElectroShop,2015,2200,1664
Acer,All-in-One,Usado,TechStore,2010,4500,256
Sony,Workstation,Nuevo,ComputoMx,2004,4300,896
HP,All-in-One,Certificado,ElectroShop,2009,1500,128
Samsung,Laptop,Usado,GadgetPlus,2007,1600,128
Dell,Workstation,Certificado,TechStore,2020,550,1024
Dell,Gaming,Usado,GadgetPlus,2015,4250,384
Asus,Workstation,Nuevo,ComputoMx,2017,2950,896
Sony,Workstation,Usado,GadgetPlus,2017,2350,1664
Dell,All-in-One,Nuevo,ElectroShop,2010,4000,1664
Apple,Laptop,Usado,TechStore,2001,750,1280
Acer,Workstation,Usado,TechStore,2017,1100,1920
Lenovo,Laptop,Usado,ElectroShop,2015,2550,1408
Toshiba,Convertible,Nuevo,TechStore,2022,2050,1792
Apple,Gaming,Usado,ComputoMx,2019,3650,1920
Asus,Gaming,Certificado,ElectroShop,2012,3700,896
Asus,Workstation,Certificado,ComputoMx,2011,3550,1280
Samsung,Desktop,Certificado,ElectroShop,2011,3150,896
Asus,Convertible,Certificado,ElectroShop,2022,2350,640
Sony,Laptop,Nuevo,TechStore,2002,2900,896
MSI,Gaming,Nuevo,TechStore,2002,4100,640
Asus,Gaming,Usado,GadgetPlus,2000,1150,1536
Lenovo,Convertible,Nuevo,PCWorld,2003,500,512
Acer,Convertible,Usado,TechStore,2022,2100,256
MSI,Convertible,Certificado,ElectroShop,2020,2750,1536
Asus,Desktop,Usado,TechStore,2015,2500,384
Acer,Gaming,Certificado,GadgetPlus,2008,4400,1920
Toshiba,All-in-One,Certificado,PCWorld,2022,4500,256
Asus,Desktop,Usado,GadgetPlus,2014,200,1920
Toshiba,Desktop,Nuevo,GadgetPlus,2003,1150,768
Dell,Convertible,Nuevo,ComputoMx,2000,3900,768
HP,Gaming,Usado,ElectroShop,2005,3900,1792
Acer,Desktop,Nuevo,ElectroShop,2016,4450,128
Sony,Convertible,Usado,GadgetPlus,2008,2550,512
Asus,Gaming,Usado,PCWorld,2014,200,1408
Asus,Workstation,Certificado,GadgetPlus,2001,3100,1408
Toshiba,Laptop,Nuevo,ElectroShop,2004,1950,1920
Acer,Workstation,Nuevo,PCWorld,2017,1350,512
Sony,Convertible,Usado,TechStore,2009,4450,1920
Dell,Desktop,Usado,TechStore,2012,3450,512
Dell,Desktop,Nuevo,ComputoMx,2013,4450,896
Samsung,Desktop,Certificado,TechStore,2011,2950,1408
Sony,Desktop,Usado,TechStore,2002,1150,1920
Samsung,All-in-One,Usado,TechStore,2020,550,384
Samsung,Gaming,Nuevo,ElectroShop,2023,3650,640
MSI,Gaming,Nuevo,GadgetPlus,2017,3850,1920
Samsung,Convertible,Usado,GadgetPlus,2024,2650,768
Sony,Workstation,Usado,GadgetPlus,2016,1800,1408
Asus,Desktop,Usado,PCWorld,2000,4500,1664
Dell,Convertible,Usado,TechStore,2015,4600,256
Dell,All-in-One,Certificado,ComputoMx,2009,1950,1664
Dell,All-in-One,Nuevo,TechStore,2013,2250,640
Samsung,All-in-One,Certificado,TechStore,2017,4750,1536
HP,Gaming,Usado,ComputoMx,2015,1650,1664
MSI,Workstation,Nuevo,ComputoMx,2011,1700,640
Apple,Laptop,Usado,ElectroShop,2012,4750,1664
Samsung,Laptop,Certificado,PCWorld,2014,1750,384
HP,All-in-One,Usado,GadgetPlus,2015,2150,1664
MSI,Convertible,Usado,TechStore,2008,3600,1920
Dell,Workstation,Certificado,PCWorld,2003,3950,128
Apple,Workstation,Certificado,ElectroShop,2004,2650,1280
MSI,Convertible,Nuevo,GadgetPlus,2011,1250,896
Sony,All-in-One,Usado,ComputoMx,2008,4700,512
MSI,Convertible,Certificado,TechStore,2019,3150,256
Acer,Laptop,Usado,PCWorld,2008,2000,640
MSI,Workstation,Certificado,ComputoMx,2011,1050,640
Samsung,Laptop,Nuevo,ElectroShop,2007,3850,1920
Toshiba,All-in-One,Usado,PCWorld,2008,3000,1408
Acer,Convertible,Nuevo,PCWorld,2003,1450,768
MSI,All-in-One,Usado,GadgetPlus,2007,1900,1408
Toshiba,Convertible,Usado,ComputoMx,2000,3000,768
Apple,Gaming,Nuevo,TechStore,2004,4300,128
HP,All-in-One,Nuevo,TechStore,2021,2250,768
Samsung,All-in-One,Nuevo,ComputoMx,2024,3650,1280
Acer,All-in-One,Usado,PCWorld,2007,1250,1920
Dell,Workstation,Usado,GadgetPlus,2024,2350,1152
Dell,Gaming,Usado,PCWorld,2024,1900,768
Dell,Convertible,Usado,PCWorld,2010,3150,768
Asus,Desktop,Certificado,TechStore,2001,3050,1792
Acer,Workstation,Nuevo,ElectroShop,2011,3550,1280
Asus,Desktop,Nuevo,PCWorld,2004,4550,384
Asus,All-in-One,Usado,GadgetPlus,2006,1400,640
Samsung,Desktop,Usado,GadgetPlus,2021,1150,768
Toshiba,Gaming,Certificado,GadgetPlus,2010,4900,1920
HP,Gaming,Usado,TechStore,2014,4600,1920
Sony,Desktop,Usado,PCWorld,2007,3600,384
HP,Desktop,Usado,TechStore,2004,3900,1024
Apple,All-in-One,Certificado,TechStore,2022,3350,128
Asus,All-in-One,Certificado,ElectroShop,2014,1350,1408
Toshiba,Convertible,Certificado,GadgetPlus,2024,3000,1536
Lenovo,Gaming,Nuevo,TechStore,2021,3750,512
Dell,Laptop,Nuevo,TechStore,2024,4000,128
Dell,Workstation,Usado,ComputoMx,2014,4000,1920
Apple,All-in-One,Usado,ComputoMx,2017,2900,1920
Apple,Gaming,Usado,ElectroShop,2000,2300,640
Samsung,Gaming,Nuevo,ComputoMx,2019,4150,896
Acer,Workstation,Certificado,TechStore,2013,3900,768
Acer,Desktop,Certificado,TechStore,2023,1450,1664
MSI,Desktop,Usado,TechStore,2014,2450,1408
MSI,Laptop,Usado,ComputoMx,2021,2050,1920
MSI,All-in-One,Nuevo,TechStore,2005,2700,128
MSI,Gaming,Certificado,ComputoMx,2009,4450,128
HP,Gaming,Usado,TechStore,2003,1700,512
Samsung,Convertible,Certificado,ElectroShop,2016,2000,128
Samsung,Workstation,Nuevo,ElectroShop,2007,3000,768
Toshiba,Workstation,Usado,ElectroShop,2021,2700,256
Samsung,All-in-One,Usado,ElectroShop,2019,1750,640
Acer,All-in-One,Usado,ComputoMx,2022,1350,896
Asus,Workstation,Nuevo,ComputoMx,2013,4350,1664
Sony,Desktop,Nuevo,ElectroShop,2014,3550,1280
Apple,Convertible,Nuevo,TechStore,2015,1800,1536
Dell,Gaming,Certificado,ElectroShop,2015,3100,1280
MSI,All-in-One,Nuevo,GadgetPlus,2018,2550,1920
Asus,Workstation,Usado,ElectroShop,2016,4400,1792
Samsung,Convertible,Nuevo,GadgetPlus,2008,4450,1408
Acer,Gaming,Usado,ComputoMx,2015,4350,1152
Dell,All-in-One,Certificado,TechStore,2006,1250,1280
Samsung,Gaming,Usado,GadgetPlus,2002,4900,1280
Acer,Gaming,Nuevo,ComputoMx,2016,1450,1536
HP,Convertible,Usado,ElectroShop,2007,4150,1408
Apple,Gaming,Nuevo,ElectroShop,2001,500,1152
Lenovo,Laptop,Certificado,GadgetPlus,2022,2850,1280
Asus,Convertible,Usado,ElectroShop,2019,3300,1536
Acer,Workstation,Usado,ComputoMx,2019,3200,1792
Asus,All-in-One,Nuevo,ElectroShop,2011,2300,128
Asus,Desktop,Usado,GadgetPlus,2013,1550,512
Apple,Gaming,Certificado,ComputoMx,2001,650,1920
Lenovo,Desktop,Nuevo,PCWorld,2016,350,640
HP,Desktop,Usado,GadgetPlus,2006,2900,1536
Toshiba,Convertible,Usado,ComputoMx,2021,4450,256
HP,All-in-One,Usado,ElectroShop,2004,1600,1664
Lenovo,Gaming,Certificado,ElectroShop,2007,3200,1408
Dell,Laptop,Certificado,GadgetPlus,2014,4700,1024
Sony,Convertible,Usado,ComputoMx,2003,1400,384
Lenovo,Workstation,Usado,ElectroShop,2016,4650,768
HP,All-in-One,Usado,ElectroShop,2000,4300,128
Samsung,All-in-One,Certificado,PCWorld,2001,3450,1152
MSI,All-in-One,Usado,GadgetPlus,2014,1550,768
Lenovo,Workstation,Certificado,ComputoMx,2009,2650,256
Samsung,All-in-One,Nuevo,ComputoMx,2011,1300,384
Sony,Laptop,Usado,GadgetPlus,2022,3000,1152
Sony,Gaming,Nuevo,GadgetPlus,2018,4250,768
Samsung,Gaming,Nuevo,ComputoMx,2015,2850,256
Samsung,All-in-One,Certificado,ElectroShop,2010,850,1664
Toshiba,Desktop,Certificado,PCWorld,2014,3400,896
Asus,Desktop,Nuevo,ElectroShop,2021,2900,1536
HP,Convertible,Certificado,PCWorld,2005,4350,768
Sony,Laptop,Certificado,ElectroShop,2022,1650,640
HP,Convertible,Nuevo,ElectroShop,2004,1300,1792
HP,Desktop,Nuevo,ElectroShop,2014,4450,1024
Samsung,Gaming,Nuevo,PCWorld,2012,1450,1920
Toshiba,Convertible,Usado,ElectroShop,2011,4450,1664
Lenovo,Workstation,Usado,PCWorld,2018,4050,1920
Toshiba,Laptop,Usado,GadgetPlus,2022,4250,512
Dell,Laptop,Certificado,GadgetPlus,2018,4200,768
HP,Desktop,Usado,ElectroShop,2016,1650,640
Asus,Laptop,Nuevo,ComputoMx,2005,2850,896
Acer,All-in-One,Certificado,ElectroShop,2018,4350,640
Apple,Laptop,Nuevo,PCWorld,2016,2300,384
HP,All-in-One,Certificado,TechStore,2017,3550,1152
Acer,Laptop,Certificado,GadgetPlus,2013,750,1920
Toshiba,Desktop,Certificado,GadgetPlus,2018,2200,384
HP,Laptop,Nuevo,TechStore,2015,1750,896
Toshiba,Convertible,Nuevo,ElectroShop,2004,850,1920
Asus,All-in-One,Certificado,ComputoMx,2002,1650,1408
Asus,Convertible,Usado,GadgetPlus,2007,3100,512
Lenovo,Desktop,Certificado,ElectroShop,2000,3500,1920
Lenovo,All-in-One,Nuevo,PCWorld,2011,550,1408
Lenovo,Convertible,Certificado,GadgetPlus,2007,4000,1280
Toshiba,Gaming,Usado,PCWorld,2017,2450,1408
Toshiba,Laptop,Nuevo,ComputoMx,2007,2950,1920
Apple,Convertible,Certificado,ElectroShop,2019,2500,640
Sony,Workstation,Certificado,PCWorld,2006,2200,1792
Sony,Laptop,Certificado,ElectroShop,2002,1550,1280
Asus,Desktop,Nuevo,PCWorld,2012,2100,1664
Acer,Gaming,Usado,TechStore,2023,1900,896
Dell,Desktop,Nuevo,ComputoMx,2006,3650,768
Apple,Laptop,Certificado,PCWorld,2002,300,1792
Apple,Gaming,Usado,GadgetPlus,2007,1900,1920
Samsung,Convertible,Usado,PCWorld,2007,1200,1152
HP,Convertible,Certificado,ElectroShop,2024,650,1408
Dell,Gaming,Usado,GadgetPlus,2016,2150,128
MSI,Desktop,Nuevo,ElectroShop,2020,1650,256
Asus,Gaming,Certificado,TechStore,2007,4150,256
Acer,Laptop,Usado,ElectroShop,2016,2300,384
Toshiba,Desktop,Certificado,GadgetPlus,2013,3100,1024
HP,Desktop,Certificado,PCWorld,2023,3300,768
Samsung,All-in-One,Certificado,TechStore,2020,2450,128
MSI,Convertible,Certificado,ComputoMx,2011,4000,1920
Acer,Workstation,Usado,TechStore,2024,3850,1664
Asus,Laptop,Nuevo,GadgetPlus,2007,4150,1792
HP,Workstation,Nuevo,ComputoMx,2002,4050,128
MSI,All-in-One,Certificado,ElectroShop,2003,3500,1920
Toshiba,Gaming,Certificado,ComputoMx,2018,4450,640
MSI,All-in-One,Usado,TechStore,2008,2600,640
Acer,Gaming,Certificado,GadgetPlus,2017,950,1536
Apple,Gaming,Certificado,PCWorld,2020,3300,1920
Apple,Desktop,Certificado,TechStore,2002,2200,1664
Samsung,Desktop,Nuevo,GadgetPlus,2019,3550,512
HP,Desktop,Nuevo,ElectroShop,2006,2450,1024
Samsung,Convertible,Nuevo,TechStore,2000,1450,256
Lenovo,Laptop,Certificado,GadgetPlus,2021,1350,1920
Dell,Desktop,Certificado,TechStore,2018,4950,768
Asus,Workstation,Usado,PCWorld,2018,4250,384
HP,Gaming,Nuevo,PCWorld,2007,3350,1664
Sony,Laptop,Nuevo,ElectroShop,2023,4500,1792
Samsung,Convertible,Nuevo,GadgetPlus,2004,4950,1664
Acer,Workstation,Usado,PCWorld,2004,2350,1152
Dell,Desktop,Certificado,TechStore,2007,1450,1280
Toshiba,Convertible,Nuevo,TechStore,2008,1900,1792
Lenovo,Gaming,Certificado,PCWorld,2020,1500,1920
HP,All-in-One,Certificado,TechStore,2004,3300,1536
MSI,Workstation,Usado,GadgetPlus,2011,3150,128
Asus,Convertible,Certificado,ComputoMx,2006,4400,896
Sony,Workstation,Certificado,GadgetPlus,2021,2700,1408
Dell,All-in-One,Nuevo,PCWorld,2024,4500,1280
Dell,Workstation,Certificado,TechStore,2013,2650,1280
Dell,Laptop,Certificado,ElectroShop,2001,2000,1280
Sony,Workstation,Usado,ComputoMx,2003,3200,1280
Samsung,Convertible,Nuevo,TechStore,2016,4750,384
Samsung,Gaming,Nuevo,GadgetPlus,2008,1000,896
Samsung,Convertible,Nuevo,GadgetPlus,2013,3400,1024
Toshiba,Convertible,Usado,GadgetPlus,2010,3450,1792
Dell,Laptop,Nuevo,PCWorld,2005,2000,1792
Asus,All-in-One,Nuevo,ElectroShop,2008,850,256
Lenovo,Workstation,Certificado,ElectroShop,2002,1950,512
Apple,All-in-One,Certificado,ComputoMx,2017,3250,768
Asus,All-in-One,Nuevo,PCWorld,2021,3900,896
Apple,Convertible,Certificado,PCWorld,2018,3850,384
Samsung,All-in-One,Usado,ElectroShop,2021,1550,1280
Lenovo,Workstation,Usado,ComputoMx,2023,1900,1920
Acer,Convertible,Certificado,ElectroShop,2002,4000,896
HP,All-in-One,Certificado,TechStore,2009,4900,384
Lenovo,Gaming,Nuevo,ComputoMx,2022,2300,1408
Asus,Gaming,Nuevo,ElectroShop,2010,500,768
Toshiba,Convertible,Usado,TechStore,2014,850,1664
Samsung,Desktop,Nuevo,TechStore,2010,850,1408
Acer,Gaming,Nuevo,GadgetPlus,2018,4300,128
Asus,Workstation,Certificado,ComputoMx,2014,1550,1024
Sony,Gaming,Usado,TechStore,2001,3950,128
Dell,Convertible,Certificado,ComputoMx,2007,1950,896
Dell,All-in-One,Nuevo,TechStore,2018,1050,1664
Dell,All-in-One,Nuevo,TechStore,2004,2250,896
Apple,All-in-One,Nuevo,TechStore,2021,1050,1920
MSI,All-in-One,Usado,TechStore,2002,4050,1280
Toshiba,Convertible,Usado,GadgetPlus,2005,250,1024
Acer,Gaming,Nuevo,TechStore,2000,2450,1280
Dell,All-in-One,Certificado,ElectroShop,2003,2300,512
Dell,All-in-One,Usado,PCWorld,2001,2600,1792
Dell,All-in-One,Certificado,ElectroShop,2009,3300,512
Lenovo,Laptop,Nuevo,ElectroShop,2018,2150,1024
MSI,Desktop,Certificado,PCWorld,2021,400,512
Asus,Laptop,Usado,ComputoMx,2024,200,1536
Dell,Convertible,Certificado,TechStore,2011,700,1152
Dell,Desktop,Nuevo,ElectroShop,2019,700,1408
MSI,All-in-One,Usado,TechStore,2024,4250,1024
Asus,Laptop,Certificado,GadgetPlus,2008,800,768
Toshiba,Convertible,Certificado,GadgetPlus,2024,3350,512
Lenovo,Workstation,Nuevo,ElectroShop,2016,3700,1664
Apple,All-in-One,Certificado,TechStore,2004,2600,512
Sony,Workstation,Certificado,GadgetPlus,2012,2850,1408
MSI,Laptop,Usado,TechStore,2012,4650,384
HP,Gaming,Certificado,PCWorld,2010,3200,1920
Acer,Gaming,Certificado,GadgetPlus,2004,2500,128
Sony,Desktop,Nuevo,TechStore,2005,900,512
Asus,All-in-One,Usado,PCWorld,2018,4850,640
Asus,Laptop,Certificado,GadgetPlus,2009,2850,128
Toshiba,All-in-One,Certificado,TechStore,2024,3850,640
Asus,Workstation,Certificado,PCWorld,2023,4300,1408
Sony,Workstation,Usado,ComputoMx,2024,4900,1280
Lenovo,Workstation,Usado,ElectroShop,2017,550,512
MSI,Workstation,Usado,PCWorld,2012,350,1280
Sony,Laptop,Nuevo,PCWorld,2005,1450,1024
Toshiba,Gaming,Usado,TechStore,2022,400,1408
MSI,Gaming,Nuevo,ComputoMx,2005,1400,768
Lenovo,Desktop,Usado,ElectroShop,2012,4450,768
Dell,Desktop,Certificado,GadgetPlus,2019,250,896
Toshiba,Workstation,Usado,ElectroShop,2018,3300,1280
Samsung,Workstation,Usado,ElectroShop,2000,2900,512
Lenovo,Workstation,Usado,GadgetPlus,2000,1150,1408
Lenovo,All-in-One,Certificado,TechStore,2018,700,1792
Toshiba,Workstation,Usado,ComputoMx,2015,650,384
Asus,Gaming,Nuevo,ComputoMx,2001,3450,256
Dell,Laptop,Usado,PCWorld,2012,2950,128
Toshiba,Laptop,Nuevo,ElectroShop,2017,4200,768
MSI,Gaming,Usado,ComputoMx,2000,1200,768
Lenovo,Convertible,Usado,TechStore,2010,1300,1536
MSI,Gaming,Nuevo,ComputoMx,2002,550,768
Apple,Convertible,Certificado,GadgetPlus,2000,3950,1280
Apple,Workstation,Certificado,GadgetPlus,2020,3800,896
Acer,Desktop,Usado,TechStore,2014,4500,1408
Asus,Workstation,Certificado,ComputoMx,2015,3850,256
HP,Desktop,Certificado,TechStore,2006,650,1664
Asus,Convertible,Nuevo,GadgetPlus,2014,350,1280
Lenovo,Laptop,Certificado,ElectroShop,2015,2550,512
Acer,Workstation,Nuevo,TechStore,2010,1000,384
Lenovo,Workstation,Nuevo,TechStore,2006,3250,768
HP,All-in-One,Nuevo,PCWorld,2017,1050,896
HP,Laptop,Nuevo,GadgetPlus,2012,3250,1024
MSI,Gaming,Usado,ComputoMx,2009,3700,256
Asus,Desktop,Usado,ComputoMx,2024,4800,896
Apple,Convertible,Nuevo,GadgetPlus,2001,3250,640
HP,Laptop,Nuevo,ComputoMx,2010,3800,256
Sony,Gaming,Certificado,ElectroShop,2019,450,768
MSI,All-in-One,Usado,GadgetPlus,2023,3750,1536
Toshiba,All-in-One,Usado,GadgetPlus,2001,2650,768
Acer,Workstation,Nuevo,ElectroShop,2001,3900,1024
Lenovo,Laptop,Nuevo,ComputoMx,2022,3550,256
Dell,Convertible,Nuevo,PCWorld,2018,3350,384
HP,Convertible,Certificado,ElectroShop,2024,1700,1024
HP,Desktop,Certificado,ComputoMx,2022,3150,512
Sony,All-in-One,Usado,ComputoMx,2024,4600,1536
Samsung,Gaming,Usado,PCWorld,2009,1300,768
Acer,Gaming,Usado,ElectroShop,2018,1000,768
HP,Laptop,Usado,PCWorld,2003,2300,1024
HP,All-in-One,Certificado,PCWorld,2011,3800,384
Acer,Workstation,Usado,ElectroShop,2012,3300,1664
MSI,All-in-One,Usado,GadgetPlus,2017,1100,1280
Lenovo,Desktop,Certificado,TechStore,2012,2800,1920
Lenovo,Convertible,Nuevo,GadgetPlus,2023,4100,1536
Lenovo,Workstation,Usado,TechStore,2014,3900,512
Sony,All-in-One,Nuevo,TechStore,2010,1500,896
Sony,Desktop,Certificado,ComputoMx,2023,4600,1536
Acer,Workstation,Nuevo,GadgetPlus,2024,350,768
Apple,Convertible,Usado,GadgetPlus,2012,4650,1664
Apple,Gaming,Usado,TechStore,2007,3000,1280
HP,All-in-One,Nuevo,ComputoMx,2024,3850,256
HP,Convertible,Certificado,ElectroShop,2001,3150,896
Acer,Laptop,Usado,TechStore,2000,3150,1664
Asus,All-in-One,Certificado,TechStore,2024,1350,1280
Sony,Gaming,Nuevo,ElectroShop,2004,3100,1792
Dell,Workstation,Usado,GadgetPlus,2014,2100,1792
Asus,Convertible,Certificado,PCWorld,2002,500,1024
Dell,Gaming,Nuevo,TechStore,2017,600,1024
Apple,Laptop,Nuevo,GadgetPlus,2014,1100,512
Apple,Convertible,Certificado,PCWorld,2009,1250,256
Samsung,Laptop,Certificado,GadgetPlus,2003,3150,1536
Asus,Convertible,Nuevo,TechStore,2022,2400,512
MSI,Gaming,Nuevo,ComputoMx,2018,3000,1920
Acer,Desktop,Nuevo,PCWorld,2016,3050,1536
HP,Workstation,Certificado,ElectroShop,2001,4200,1920
Asus,Desktop,Usado,TechStore,2000,450,1280
Dell,Laptop,Nuevo,GadgetPlus,2019,2100,1024
Asus,Convertible,Certificado,ElectroShop,2003,4150,1408
Sony,Gaming,Nuevo,PCWorld,2005,4650,1024
Sony,Convertible,Usado,GadgetPlus,2005,4450,384
HP,Desktop,Certificado,TechStore,2010,3800,1024
Asus,Convertible,Usado,TechStore,2014,650,1024
Sony,Desktop,Certificado,GadgetPlus,2013,4300,1792
Sony,Desktop,Certificado,ElectroShop,2020,250,512
Dell,Convertible,Nuevo,GadgetPlus,2011,3600,1280
HP,Laptop,Nuevo,ElectroShop,2011,250,640
Sony,Convertible,Usado,ComputoMx,2008,1850,512
Asus,Laptop,Usado,PCWorld,2012,3900,1280
Asus,Desktop,Certificado,PCWorld,2010,1100,1664
Apple,Gaming,Nuevo,TechStore,2021,4250,640
Toshiba,Gaming,Usado,PCWorld,2008,2150,768
Sony,All-in-One,Certificado,TechStore,2003,2950,256
Dell,All-in-One,Certificado,ElectroShop,2021,4850,1280
HP,Laptop,Certificado,ElectroShop,2011,3500,1408
Apple,Gaming,Nuevo,ElectroShop,2015,3050,1664
Toshiba,Gaming,Usado,PCWorld,2006,800,1792
Apple,Gaming,Usado,ComputoMx,2002,4400,128
Asus,Gaming,Certificado,PCWorld,2020,3900,256
MSI,Convertible,Nuevo,TechStore,2005,800,1280
HP,All-in-One,Usado,ElectroShop,2013,2950,1536
Lenovo,Laptop,Usado,TechStore,2008,4300,384
Asus,Desktop,Nuevo,GadgetPlus,2002,1750,1664
Acer,All-in-One,Certificado,GadgetPlus,2022,4300,1920
Samsung,All-in-One,Nuevo,TechStore,2010,800,1280
HP,Laptop,Usado,ElectroShop,2022,1750,512
Toshiba,All-in-One,Nuevo,TechStore,2021,4150,384
Acer,Convertible,Nuevo,GadgetPlus,2000,3350,768
Sony,Workstation,Nuevo,PCWorld,2001,3750,1536
Acer,Desktop,Nuevo,TechStore,2022,4850,1664
Asus,Desktop,Certificado,ElectroShop,2011,1450,1024
Asus,All-in-One,Nuevo,TechStore,2003,3450,256
HP,Convertible,Usado,GadgetPlus,2020,900,640
HP,Desktop,Certificado,TechStore,2018,4100,512
MSI,Laptop,Nuevo,TechStore,2000,3200,896
MSI,Desktop,Usado,ComputoMx,2003,1250,1024
HP,Gaming,Usado,TechStore,2017,4200,128
Apple,All-in-One,Certificado,PCWorld,2012,2950,1280
Toshiba,Desktop,Usado,TechStore,2022,4600,1024
Sony,Laptop,Usado,GadgetPlus,2015,800,640
MSI,Gaming,Nuevo,ElectroShop,2005,4800,1792
Asus,Laptop,Usado,PCWorld,2021,3950,896
Acer,All-in-One,Nuevo,TechStore,2007,4750,1792
Toshiba,All-in-One,Certificado,GadgetPlus,2018,2500,768
Sony,Convertible,Usado,GadgetPlus,2000,3400,1152
HP,Desktop,Certificado,PCWorld,2023,1750,1024
Sony,Desktop,Nuevo,GadgetPlus,2020,650,1536
Sony,Desktop,Nuevo,GadgetPlus,2004,2200,1024
Acer,All-in-One,Usado,ComputoMx,2023,2850,1920
Apple,Desktop,Certificado,TechStore,2024,3300,896
Acer,Desktop,Certificado,PCWorld,2009,2250,896
Toshiba,Desktop,Nuevo,ComputoMx,2021,1850,1920
Sony,All-in-One,Usado,TechStore,2013,3600,1152
Toshiba,Gaming,Certificado,TechStore,2018,3900,128
MSI,All-in-One,Nuevo,GadgetPlus,2019,500,640
Acer,All-in-One,Usado,GadgetPlus,2016,3150,640
MSI,Workstation,Usado,ComputoMx,2017,4000,384
Lenovo,All-in-One,Nuevo,ComputoMx,2005,1750,1152
Lenovo,Laptop,Certificado,ComputoMx,2000,1950,1664
HP,All-in-One,Certificado,ElectroShop,2004,3850,1024
Apple,Desktop,Nuevo,ComputoMx,2013,1700,256
HP,All-in-One,Certificado,ElectroShop,2001,1350,384
MSI,All-in-One,Usado,TechStore,2016,3550,512
MSI,Gaming,Certificado,GadgetPlus,2020,4900,1280
Toshiba,Workstation,Usado,TechStore,2016,1750,1920
Apple,Laptop,Nuevo,PCWorld,2013,4200,640
Asus,Desktop,Usado,ElectroShop,2013,2000,1152
Lenovo,Convertible,Certificado,PCWorld,2003,4100,640
HP,Laptop,Nuevo,TechStore,2012,2400,1152
Dell,Gaming,Usado,GadgetPlus,2011,3850,512
HP,Desktop,Certificado,TechStore,2024,4800,1280
Acer,Laptop,Certificado,PCWorld,2016,4200,1024
Dell,Laptop,Certificado,PCWorld,2008,2100,512
Lenovo,Convertible,Nuevo,ComputoMx,2023,3400,1920
Sony,Gaming,Nuevo,ComputoMx,2021,250,768
HP,Laptop,Certificado,TechStore,2016,2950,640
Asus,All-in-One,Certificado,ElectroShop,2001,4700,1280
Lenovo,All-in-One,Certificado,TechStore,2013,1100,1920
Dell,All-in-One,Usado,TechStore,2015,700,896
Lenovo,Convertible,Nuevo,PCWorld,2003,4600,1664
HP,Gaming,Usado,GadgetPlus,2002,250,640
MSI,Convertible,Nuevo,ComputoMx,2011,2100,1920
Asus,Desktop,Certificado,ElectroShop,2020,4600,1664
Asus,Desktop,Nuevo,PCWorld,2017,3750,128
Acer,Desktop,Usado,ElectroShop,2024,4600,1536
Acer,Convertible,Nuevo,ElectroShop,2024,4100,1536
Asus,Workstation,Certificado,GadgetPlus,2014,500,1792
Asus,Workstation,Usado,ElectroShop,2006,2550,1920
Apple,Convertible,Usado,ComputoMx,2010,1050,1280
Samsung,Convertible,Usado,TechStore,2012,1300,896
MSI,Desktop,Nuevo,GadgetPlus,2023,700,256
Apple,Gaming,Certificado,ElectroShop,2001,3700,896
Dell,All-in-One,Usado,PCWorld,2015,4400,128
Acer,Desktop,Nuevo,GadgetPlus,2014,4650,1664
Acer,Desktop,Usado,GadgetPlus,2013,4950,1024
Lenovo,Laptop,Usado,GadgetPlus,2005,1850,640
Acer,Laptop,Usado,ComputoMx,2022,4700,1920
Asus,Gaming,Usado,TechStore,2021,3450,768
Samsung,Gaming,Usado,ComputoMx,2024,550,640
Lenovo,Laptop,Certificado,ElectroShop,2008,900,128
HP,Laptop,Nuevo,ElectroShop,2017,1200,1920
Lenovo,Workstation,Nuevo,ElectroShop,2021,3500,768
Acer,Gaming,Certificado,ElectroShop,2019,1150,1536
Samsung,Gaming,Certificado,ElectroShop,2002,1550,896
Sony,Desktop,Certificado,ComputoMx,2010,1150,640
HP,Convertible,Usado,TechStore,2013,1500,1664
Sony,Desktop,Usado,PCWorld,2021,3700,512
Acer,Convertible,Usado,ElectroShop,2023,350,128
Toshiba,Gaming,Certificado,ComputoMx,2001,3300,768
Apple,Gaming,Certificado,ElectroShop,2014,300,640
MSI,All-in-One,Certificado,ElectroShop,2016,1600,640
Acer,Workstation,Nuevo,TechStore,2011,2350,1408
Dell,Workstation,Certificado,ElectroShop,2017,4800,768
Lenovo,All-in-One,Usado,ElectroShop,2013,1050,128
MSI,All-in-One,Nuevo,TechStore,2002,2550,384
MSI,Workstation,Usado,ComputoMx,2019,1300,1664
HP,Desktop,Nuevo,PCWorld,2010,2400,1792
HP,Desktop,Usado,ComputoMx,2016,4900,1664
Samsung,Desktop,Usado,TechStore,2023,600,128
Toshiba,Workstation,Certificado,TechStore,2017,3650,1024
Samsung,Convertible,Nuevo,ElectroShop,2017,1050,1408
Sony,All-in-One,Usado,TechStore,2020,2950,896
Sony,Workstation,Certificado,GadgetPlus,2009,800,512
MSI,Workstation,Usado,GadgetPlus,2021,4300,1408
Sony,All-in-One,Certificado,GadgetPlus,2018,200,1408
HP,Workstation,Usado,ElectroShop,2021,2650,1536
Acer,Gaming,Certificado,ComputoMx,2010,1100,256
Acer,Gaming,Certificado,ElectroShop,2002,4350,1664
Samsung,Laptop,Certificado,PCWorld,2023,250,256
Samsung,Convertible,Usado,GadgetPlus,2003,450,768
Sony,All-in-One,Certificado,PCWorld,2022,800,1408
MSI,Workstation,Certificado,GadgetPlus,2001,1800,640
Lenovo,All-in-One,Usado,ComputoMx,2007,1050,384
Dell,Laptop,Certificado,GadgetPlus,2023,1700,1408
Dell,Laptop,Certificado,PCWorld,2004,4500,1792
MSI,Laptop,Usado,TechStore,2012,3250,640
MSI,Laptop,Nuevo,ElectroShop,2007,4450,1920
Samsung,All-in-One,Certificado,TechStore,2024,4800,384
Lenovo,Workstation,Usado,GadgetPlus,2006,1000,1408
Sony,Laptop,Nuevo,TechStore,2022,2550,896
Acer,All-in-One,Usado,PCWorld,2013,2700,384
Lenovo,Gaming,Certificado,TechStore,2007,4650,1536
Acer,All-in-One,Usado,ElectroShop,2008,4050,1920
Asus,Gaming,Nuevo,PCWorld,2012,1000,128
Apple,Workstation,Usado,TechStore,2024,350,1792
Toshiba,Laptop,Certificado,ComputoMx,2005,800,1536
Apple,Convertible,Usado,ComputoMx,2015,4750,128
Acer,Gaming,Nuevo,ElectroShop,2015,2000,1280
Sony,Workstation,Certificado,PCWorld,2016,3800,1536
HP,Convertible,Usado,GadgetPlus,2013,3650,768
Acer,Laptop,Nuevo,ElectroShop,2013,3950,256
Toshiba,Desktop,Certificado,GadgetPlus,2017,4600,1920
Apple,Laptop,Usado,PCWorld,2022,3850,128
Samsung,Gaming,Certificado,PCWorld,2021,450,512
Samsung,Laptop,Certificado,GadgetPlus,2013,3600,256
Samsung,Convertible,Nuevo,PCWorld,2003,4400,1280
Acer,Convertible,Certificado,ElectroShop,2018,1100,1024
MSI,Laptop,Usado,PCWorld,2022,4350,1920
Acer,Convertible,Certificado,ElectroShop,2015,2200,384
HP,Desktop,Certificado,ElectroShop,2009,3000,640
Toshiba,Laptop,Nuevo,PCWorld,2021,200,256
MSI,Convertible,Certificado,PCWorld,2010,3350,896
Sony,Gaming,Usado,PCWorld,2006,2700,1664
MSI,All-in-One,Certificado,ComputoMx,2017,4850,256
Dell,Workstation,Certificado,PCWorld,2017,3300,384
Dell,Laptop,Nuevo,ComputoMx,2003,4000,1280
Lenovo,Desktop,Certificado,GadgetPlus,2021,2800,256
Lenovo,Convertible,Usado,ComputoMx,2012,4600,1536
Acer,Convertible,Certificado,PCWorld,2019,4250,384
Toshiba,Gaming,Nuevo,TechStore,2009,3050,384
Sony,Workstation,Certificado,ComputoMx,2022,1100,1024
Dell,Convertible,Usado,TechStore,2023,3250,640
Dell,All-in-One,Certificado,ComputoMx,2021,1200,768
HP,Laptop,Usado,PCWorld,2018,1200,768
MSI,Desktop,Certificado,ComputoMx,2001,1050,512
Lenovo,Gaming,Certificado,TechStore,2006,3600,768
Toshiba,Desktop,Usado,ElectroShop,2008,1900,1280
Samsung,Convertible,Certificado,ElectroShop,2011,1600,768
Asus,Desktop,Usado,TechStore,2004,2850,1792
Apple,Convertible,Usado,ElectroShop,2023,4600,1280
MSI,Laptop,Certificado,ComputoMx,2002,1450,896
Asus,Convertible,Certificado,ComputoMx,2001,3800,1920
Apple,All-in-One,Certificado,GadgetPlus,2018,2550,128
Lenovo,Workstation,Certificado,TechStore,2020,2450,1152
HP,All-in-One,Nuevo,ComputoMx,2009,1800,384
Acer,Workstation,Nuevo,ElectroShop,2013,4700,1024
Acer,Workstation,Nuevo,ElectroShop,2016,800,128
Dell,Desktop,Usado,TechStore,2002,1000,1024
HP,Desktop,Usado,TechStore,2010,1550,1280
Lenovo,Workstation,Nuevo,TechStore,2014,1550,1536
Acer,Laptop,Certificado,ElectroShop,2016,4700,1280
Lenovo,Desktop,Nuevo,TechStore,2008,4150,1664
MSI,Laptop,Certificado,ElectroShop,2017,550,384
Toshiba,Workstation,Nuevo,TechStore,2010,2400,1408
MSI,Laptop,Usado,TechStore,2017,3750,1920
MSI,Gaming,Nuevo,GadgetPlus,2001,1000,1408
MSI,Laptop,Nuevo,ComputoMx,2005,1500,1792
MSI,Laptop,Certificado,ElectroShop,2000,1600,1664
Toshiba,Desktop,Nuevo,GadgetPlus,2000,500,384
Acer,Convertible,Certificado,TechStore,2020,2300,512
Apple,Convertible,Usado,ComputoMx,2011,4750,512
Dell,Laptop,Certificado,ElectroShop,2022,4400,1920
Sony,Laptop,Nuevo,ElectroShop,2014,3300,256
HP,Convertible,Usado,ComputoMx,2018,2250,1536
Apple,Desktop,Usado,PCWorld,2015,2600,256
Toshiba,All-in-One,Nuevo,ElectroShop,2013,2250,128
Asus,All-in-One,Certificado,ElectroShop,2003,3550,640
Sony,Convertible,Nuevo,PCWorld,2018,750,1024
Acer,Laptop,Nuevo,GadgetPlus,2005,4200,512
MSI,Gaming,Certificado,ElectroShop,2007,450,512
Dell,Desktop,Usado,GadgetPlus,2008,2600,128
Asus,Desktop,Usado,GadgetPlus,2012,3150,1792
Lenovo,Laptop,Certificado,ComputoMx,2010,2050,1920
Sony,Workstation,Certificado,ElectroShop,2020,3750,1664
Apple,Laptop,Nuevo,TechStore,2009,1850,256
Apple,Laptop,Certificado,PCWorld,2016,2800,512
Toshiba,Desktop,Nuevo,ElectroShop,2017,3700,1536
Sony,Convertible,Certificado,ElectroShop,2021,2000,1024
Dell,Gaming,Certificado,ElectroShop,2018,1850,768
Lenovo,Convertible,Nuevo,TechStore,2009,2500,640
Toshiba,Laptop,Usado,ComputoMx,2023,1950,1920
Apple,Workstation,Nuevo,ElectroShop,2021,1400,640
Toshiba,Gaming,Usado,TechStore,2023,700,1280
Apple,All-in-One,Certificado,PCWorld,2001,4650,128
Asus,Laptop,Usado,GadgetPlus,2010,2400,640
Apple,Gaming,Usado,ComputoMx,2024,4250,1024
Dell,All-in-One,Nuevo,GadgetPlus,2021,1550,1536
Samsung,Convertible,Nuevo,GadgetPlus,2022,1100,1536
HP,Desktop,Certificado,GadgetPlus,2015,500,256
HP,Workstation,Certificado,ComputoMx,2016,400,1280
MSI,All-in-One,Certificado,TechStore,2014,1650,896
Apple,All-in-One,Nuevo,TechStore,2021,2550,896
Apple,Laptop,Usado,ElectroShop,2012,3400,768
Samsung,Laptop,Certificado,ComputoMx,2018,2250,256
MSI,Gaming,Certificado,GadgetPlus,2012,650,384
Apple,All-in-One,Usado,PCWorld,2020,1550,1024
Dell,Desktop,Usado,GadgetPlus,2019,4650,1664
Apple,Laptop,Nuevo,PCWorld,2012,2600,1280
Dell,Laptop,Nuevo,PCWorld,2024,1800,640
Lenovo,Desktop,Nuevo,ComputoMx,2007,1650,1536
Dell,Gaming,Certificado,TechStore,2020,3050,512
MSI,Laptop,Nuevo,PCWorld,2017,1850,1664
Dell,Workstation,Usado,ComputoMx,2017,2700,1664
MSI,Desktop,Certificado,ElectroShop,2020,3250,1920
Acer,Desktop,Usado,TechStore,2018,4150,128
Samsung,Workstation,Certificado,ComputoMx,2010,3200,1152
Samsung,All-in-One,Certificado,GadgetPlus,2019,3350,512
Samsung,All-in-One,Certificado,ComputoMx,2016,300,128
Sony,All-in-One,Certificado,ElectroShop,2008,3150,640
Apple,Laptop,Certificado,GadgetPlus,2024,3650,128
Apple,Desktop,Usado,TechStore,2017,2050,1408
HP,Convertible,Certificado,ElectroShop,2021,3200,128
Toshiba,Convertible,Nuevo,PCWorld,2003,1300,896
Sony,All-in-One,Nuevo,PCWorld,2001,4100,640
Samsung,Gaming,Usado,GadgetPlus,2010,1300,1920
Samsung,Gaming,Certificado,PCWorld,2005,3950,1792
Toshiba,Workstation,Usado,TechStore,2018,4100,1024
Dell,All-in-One,Usado,TechStore,2021,1750,1664
Acer,Convertible,Certificado,TechStore,2023,850,768
Acer,Gaming,Nuevo,GadgetPlus,2003,2900,256
MSI,Laptop,Certificado,PCWorld,2016,300,640
Apple,All-in-One,Certificado,ElectroShop,2001,2650,1024
Apple,Convertible,Usado,GadgetPlus,2015,700,1792
Toshiba,Workstation,Certificado,GadgetPlus,2014,700,1408
Dell,Gaming,Usado,ComputoMx,2014,4200,1408
Dell,Laptop,Nuevo,TechStore,2004,4950,896
Samsung,Laptop,Usado,PCWorld,2020,4200,1664
Sony,Desktop,Certificado,TechStore,2021,4800,1280
Samsung,Desktop,Usado,ElectroShop,2017,1050,384
MSI,All-in-One,Certificado,TechStore,2007,800,256
Sony,Convertible,Certificado,PCWorld,2004,450,256
Acer,Convertible,Certificado,TechStore,2015,700,1920
Toshiba,Convertible,Certificado,GadgetPlus,2010,2250,896
Sony,Workstation,Certificado,ElectroShop,2001,2750,1280
Dell,All-in-One,Usado,GadgetPlus,2004,600,1152
Apple,Workstation,Certificado,GadgetPlus,2015,3200,1280
Acer,Laptop,Certificado,ElectroShop,2002,750,1536
Acer,Convertible,Certificado,ElectroShop,2018,3900,384
Apple,Convertible,Certificado,TechStore,2008,2550,256
HP,Desktop,Usado,TechStore,2018,4800,384
HP,All-in-One,Nuevo,ElectroShop,2010,2850,1536
Lenovo,All-in-One,Usado,PCWorld,2006,700,384
Sony,Desktop,Usado,ElectroShop,2020,3500,1792
Asus,Workstation,Usado,ComputoMx,2001,4350,128
Lenovo,Convertible,Certificado,GadgetPlus,2010,3850,1920
Asus,Desktop,Usado,ElectroShop,2017,2100,256
Sony,Workstation,Nuevo,ElectroShop,2012,2350,640
Lenovo,Laptop,Certificado,GadgetPlus,2010,500,640
Dell,Gaming,Nuevo,PCWorld,2017,3450,512
Toshiba,Workstation,Usado,PCWorld,2004,450,896
Acer,Gaming,Usado,PCWorld,2004,3850,1920
Toshiba,All-in-One,Usado,PCWorld,2008,2850,512
Toshiba,Laptop,Nuevo,GadgetPlus,2008,1950,128
Dell,Workstation,Nuevo,ComputoMx,2013,4100,1152
Sony,All-in-One,Nuevo,TechStore,2018,300,256
Apple,Laptop,Usado,ComputoMx,2008,2450,640
MSI,Convertible,Certificado,GadgetPlus,2000,2500,1536
MSI,Desktop,Usado,GadgetPlus,2008,1950,768
Samsung,Workstation,Nuevo,ElectroShop,2003,3750,128
Sony,Gaming,Certificado,ComputoMx,2005,850,512
MSI,Workstation,Nuevo,TechStore,2004,1450,896
Toshiba,All-in-One,Usado,ElectroShop,2008,3300,1664
MSI,Gaming,Nuevo,TechStore,2012,3700,384
Acer,All-in-One,Certificado,ComputoMx,2006,350,1152
Samsung,Convertible,Certificado,ComputoMx,2018,1750,768
Acer,Desktop,Usado,TechStore,2007,2550,1920
Lenovo,Convertible,Certificado,ElectroShop,2008,2550,512
Dell,Workstation,Nuevo,ElectroShop,2019,2950,1664
Toshiba,Convertible,Usado,TechStore,2001,600,256
Lenovo,Convertible,Usado,ComputoMx,2013,2600,256
Asus,Desktop,Certificado,ComputoMx,2006,400,1920
Toshiba,Workstation,Usado,ComputoMx,2023,3750,896
Samsung,Workstation,Usado,GadgetPlus,2015,4750,1280
Toshiba,All-in-One,Nuevo,GadgetPlus,2016,850,640
HP,Workstation,Certificado,ElectroShop,2017,600,256
Asus,Workstation,Nuevo,PCWorld,2007,4150,896
HP,Workstation,Nuevo,ElectroShop,2024,850,512
Toshiba,Laptop,Certificado,ComputoMx,2013,1800,1280
MSI,Workstation,Usado,PCWorld,2017,3500,1920
Toshiba,Desktop,Certificado,GadgetPlus,2022,1650,1792
Sony,Laptop,Nuevo,GadgetPlus,2021,2700,1024
Toshiba,Gaming,Usado,ElectroShop,2006,1150,1792
HP,Laptop,Nuevo,TechStore,2012,4200,384
HP,Desktop,Usado,TechStore,2006,550,1408
Dell,Laptop,Nuevo,GadgetPlus,2001,4400,1920
Apple,All-in-One,Usado,PCWorld,2024,3900,1280
Samsung,Workstation,Usado,PCWorld,2021,4750,768
Lenovo,Convertible,Certificado,ElectroShop,2006,1350,1408
Acer,Convertible,Usado,GadgetPlus,2002,1350,896
MSI,Convertible,Nuevo,PCWorld,2005,750,512
Lenovo,Workstation,Nuevo,TechStore,2016,1500,1408
Lenovo,Laptop,Usado,GadgetPlus,2013,1650,512
HP,Laptop,Nuevo,TechStore,2002,3150,1536
Sony,Gaming,Usado,TechStore,2018,600,768
Asus,Laptop,Usado,GadgetPlus,2001,4100,128
HP,Workstation,Certificado,ElectroShop,2020,2000,1280
Asus,Desktop,Usado,PCWorld,2018,4700,768
Acer,Convertible,Usado,PCWorld,2018,1250,1792
Sony,Laptop,Nuevo,ElectroShop,2011,2850,384
Acer,Convertible,Certificado,GadgetPlus,2006,650,640
Asus,Gaming,Certificado,ElectroShop,2009,3250,512
Samsung,Laptop,Certificado,GadgetPlus,2006,3600,640
HP,All-in-One,Certificado,GadgetPlus,2010,3650,1280
Samsung,Laptop,Certificado,GadgetPlus,2012,3000,896
Apple,Desktop,Usado,TechStore,2016,4100,1536
Lenovo,Gaming,Usado,GadgetPlus,2023,4900,512
Lenovo,Laptop,Certificado,ComputoMx,2022,750,128
Asus,All-in-One,Nuevo,PCWorld,2005,3050,1024
Dell,Convertible,Nuevo,ComputoMx,2011,200,1024
Asus,Convertible,Usado,PCWorld,2003,1450,1152
Toshiba,Workstation,Certificado,ElectroShop,2014,1050,896
Lenovo,Workstation,Nuevo,TechStore,2008,3950,1920
Apple,Convertible,Nuevo,ComputoMx,2009,950,1280
Lenovo,Laptop,Nuevo,GadgetPlus,2019,3700,1920
Toshiba,Gaming,Certificado,ElectroShop,2022,600,1024
Asus,Laptop,Usado,GadgetPlus,2023,3450,896
Acer,Gaming,Certificado,GadgetPlus,2008,1850,1664
HP,Workstation,Nuevo,ElectroShop,2024,4550,1024
Samsung,Gaming,Nuevo,GadgetPlus,2020,2600,768
Lenovo,All-in-One,Usado,GadgetPlus,2001,4150,1792
MSI,Workstation,Certificado,ElectroShop,2021,3000,384
Toshiba,Laptop,Usado,ComputoMx,2017,4500,256
Acer,Convertible,Nuevo,GadgetPlus,2007,1700,512
Toshiba,Workstation,Certificado,ElectroShop,2020,4250,128
Lenovo,Desktop,Certificado,PCWorld,2000,3550,1280
Samsung,Gaming,Nuevo,ComputoMx,2014,950,1664
MSI,Desktop,Usado,ComputoMx,2016,400,512
Samsung,Laptop,Certificado,ComputoMx,2014,1700,768
Toshiba,Gaming,Certificado,TechStore,2000,1100,384
MSI,All-in-One,Certificado,GadgetPlus,2022,1300,256
Asus,All-in-One,Certificado,ComputoMx,2015,400,1408
Acer,Convertible,Usado,ComputoMx,2019,350,1536
Acer,Desktop,Nuevo,ComputoMx,2019,600,896
Samsung,Laptop,Usado,PCWorld,2012,3650,384
MSI,Laptop,Certificado,ComputoMx,2024,4100,768
Dell,Laptop,Certificado,ComputoMx,2024,4350,768
Acer,Workstation,Certificado,TechStore,2006,2200,768
MSI,Convertible,Certificado,TechStore,2011,3650,640
Sony,Laptop,Certificado,ElectroShop,2002,450,1024
Asus,Desktop,Nuevo,ComputoMx,2004,3950,256
Lenovo,Workstation,Nuevo,ElectroShop,2008,1900,1152
Lenovo,Desktop,Certificado,ElectroShop,2018,1350,768
HP,Desktop,Certificado,ComputoMx,2006,2000,1280
Sony,Laptop,Usado,PCWorld,2006,1100,1280
Sony,Desktop,Usado,ElectroShop,2009,4150,1664
MSI,Convertible,Certificado,ComputoMx,2023,3250,1024
Asus,Desktop,Certificado,PCWorld,2022,3800,128
Sony,Gaming,Nuevo,PCWorld,2005,4600,1920
Acer,Convertible,Certificado,ComputoMx,2007,3550,1920
Dell,Convertible,Nuevo,GadgetPlus,2008,850,1024
Samsung,Workstation,Usado,TechStore,2023,2500,768
Sony,Workstation,Nuevo,PCWorld,2013,2800,1664
MSI,Gaming,Certificado,TechStore,2018,350,1280
Toshiba,Workstation,Usado,ComputoMx,2014,3350,256
Asus,Desktop,Certificado,PCWorld,2010,1050,1024
MSI,Convertible,Nuevo,PCWorld,2017,300,1024
Apple,Laptop,Nuevo,PCWorld,2019,350,1664
Lenovo,All-in-One,Usado,GadgetPlus,2013,4800,128
Lenovo,Desktop,Certificado,ComputoMx,2024,1100,128
MSI,All-in-One,Usado,TechStore,2023,4300,1792
Asus,Workstation,Nuevo,ComputoMx,2012,350,1536
MSI,All-in-One,Certificado,ComputoMx,2001,350,512
Dell,All-in-One,Nuevo,ElectroShop,2007,1850,896
Dell,Laptop,Usado,ElectroShop,2024,4750,1152
Dell,All-in-One,Nuevo,TechStore,2020,4200,640
Acer,Laptop,Certificado,TechStore,2021,2450,1024
Toshiba,Convertible,Usado,ElectroShop,2001,1800,1792
Apple,Desktop,Nuevo,GadgetPlus,2008,4800,1024
Toshiba,Convertible,Certificado,ComputoMx,2012,2350,1280
Samsung,Workstation,Usado,ComputoMx,2012,3550,1024
HP,Workstation,Usado,TechStore,2014,1200,896
Sony,Gaming,Nuevo,TechStore,2010,300,896
Asus,Desktop,Nuevo,ComputoMx,2005,350,1792
HP,Gaming,Nuevo,ElectroShop,2010,4250,1792
Sony,Laptop,Certificado,TechStore,2016,2450,1536
Sony,Desktop,Certificado,GadgetPlus,2017,4250,1920
HP,Gaming,Usado,GadgetPlus,2004,4300,1792
MSI,Gaming,Certificado,PCWorld,2020,3950,768
Lenovo,Convertible,Certificado,ElectroShop,2021,500,128
Acer,Convertible,Nuevo,TechStore,2022,4400,256
Asus,Convertible,Certificado,GadgetPlus,2001,3900,1408
Toshiba,Gaming,Usado,PCWorld,2020,3750,640
Toshiba,Desktop,Usado,TechStore,2003,2650,640
Samsung,All-in-One,Nuevo,GadgetPlus,2000,4750,512
Sony,Workstation,Nuevo,TechStore,2021,3750,1024
Acer,Gaming,Certificado,ElectroShop,2020,4150,1664
Toshiba,Gaming,Certificado,TechStore,2005,4050,1792
Toshiba,Convertible,Certificado,GadgetPlus,2005,2900,896
Asus,Laptop,Nuevo,ComputoMx,2009,3600,1536
Samsung,Gaming,Certificado,PCWorld,2010,4650,768
HP,Laptop,Nuevo,PCWorld,2002,2050,128
Asus,Convertible,Nuevo,ComputoMx,2005,4350,640
Lenovo,Gaming,Certificado,GadgetPlus,2003,2250,384
Toshiba,Workstation,Certificado,GadgetPlus,2001,1300,896
Lenovo,Gaming,Usado,ComputoMx,2003,2850,896
Acer,Gaming,Certificado,GadgetPlus,2008,4400,1152
Samsung,Gaming,Certificado,TechStore,2015,1150,1280
Dell,Desktop,Certificado,GadgetPlus,2017,2050,1664
MSI,Gaming,Usado,PCWorld,2002,1600,1024
Samsung,All-in-One,Nuevo,GadgetPlus,2004,2150,1536
Lenovo,Laptop,Certificado,TechStore,2000,3150,640
Toshiba,Laptop,Certificado,ComputoMx,2008,2800,1024
Sony,Laptop,Certificado,ComputoMx,2020,200,1664
HP,Desktop,Certificado,ComputoMx,2001,4500,128
MSI,Workstation,Certificado,ElectroShop,2014,3900,1536
Lenovo,Laptop,Certificado,PCWorld,2000,3850,512
Toshiba,Convertible,Usado,PCWorld,2012,1100,384
Samsung,Workstation,Nuevo,PCWorld,2011,2050,640
Lenovo,All-in-One,Certificado,PCWorld,2003,2450,640
Dell,Workstation,Nuevo,TechStore,2004,4350,512
Asus,Workstation,Certificado,TechStore,2007,800,384
Lenovo,Gaming,Usado,PCWorld,2013,500,512
Samsung,Desktop,Usado,TechStore,2010,3450,1024
Acer,Convertible,Certificado,ComputoMx,2019,300,1280
Apple,All-in-One,Nuevo,ComputoMx,2012,1750,1152
MSI,Laptop,Certificado,ComputoMx,2016,4050,512
MSI,Workstation,Usado,ElectroShop,2022,1100,1152
HP,Laptop,Usado,PCWorld,2001,4450,1152
HP,Gaming,Usado,PCWorld,2023,3750,128
HP,Desktop,Usado,ComputoMx,2015,1000,768
Toshiba,Workstation,Nuevo,ElectroShop,2010,2250,1152
MSI,Convertible,Nuevo,ElectroShop,2009,1200,1152
Apple,Workstation,Certificado,GadgetPlus,2016,900,128
Asus,Laptop,Nuevo,GadgetPlus,2019,2100,640
HP,Desktop,Certificado,ComputoMx,2011,750,1664
MSI,Workstation,Certificado,GadgetPlus,2002,2900,1920
HP,All-in-One,Nuevo,PCWorld,2023,3500,512
Sony,Gaming,Usado,ElectroShop,2001,1700,128
Toshiba,All-in-One,Nuevo,ElectroShop,2009,850,1408
Lenovo,Workstation,Certificado,PCWorld,2007,3450,768
Acer,Convertible,Certificado,GadgetPlus,2002,1950,128
Lenovo,Convertible,Usado,TechStore,2024,4250,896
Asus,All-in-One,Certificado,GadgetPlus,2021,4800,1280
Dell,Convertible,Certificado,GadgetPlus,2019,2100,640
Samsung,All-in-One,Usado,PCWorld,2011,2350,256
Samsung,All-in-One,Nuevo,ElectroShop,2005,1450,1408
Asus,Laptop,Certificado,PCWorld,2017,3450,512
Asus,All-in-One,Certificado,ComputoMx,2024,300,256
Samsung,All-in-One,Usado,ElectroShop,2008,1100,1280
Apple,Desktop,Nuevo,TechStore,2015,350,896
MSI,Workstation,Usado,TechStore,2008,4400,1664
Apple,All-in-One,Certificado,ElectroShop,2018,4500,128
MSI,Desktop,Certificado,GadgetPlus,2007,1600,640
Samsung,All-in-One,Usado,PCWorld,2023,3600,384
Sony,Desktop,Usado,GadgetPlus,2015,2550,1408
Acer,Gaming,Nuevo,GadgetPlus,2016,2400,256
Apple,Desktop,Certificado,GadgetPlus,2014,400,256
Acer,Gaming,Nuevo,ComputoMx,2008,4000,1408
Acer,Convertible,Certificado,PCWorld,2009,1450,1152
Dell,All-in-One,Certificado,ComputoMx,2007,3550,1920
Lenovo,Desktop,Nuevo,ComputoMx,2021,200,640
Dell,Laptop,Nuevo,PCWorld,2004,850,1664
Asus,Workstation,Usado,TechStore,2002,2650,1280
Apple,Laptop,Nuevo,GadgetPlus,2001,3100,640
Acer,Desktop,Usado,GadgetPlus,2011,700,256
Dell,Workstation,Nuevo,TechStore,2013,3600,640
Apple,Gaming,Usado,ElectroShop,2010,2200,1024
Acer,Gaming,Certificado,TechStore,2016,4350,1664
Lenovo,Gaming,Certificado,ElectroShop,2021,4000,256
Asus,Convertible,Nuevo,ComputoMx,2015,500,1536
HP,Desktop,Certificado,GadgetPlus,2023,3150,1792
Dell,Workstation,Certificado,ElectroShop,2010,1200,128
Dell,Desktop,Nuevo,ElectroShop,2023,1300,1280
Toshiba,Laptop,Usado,ElectroShop,2021,3750,1920
Dell,Laptop,Certificado,ElectroShop,2005,3400,1920
Sony,Desktop,Certificado,PCWorld,2007,4200,1664
Apple,Desktop,Usado,TechStore,2017,2800,1664
Acer,Laptop,Certificado,ElectroShop,2003,3750,128
Acer,Gaming,Nuevo,GadgetPlus,2024,4800,1280
Asus,Gaming,Usado,GadgetPlus,2009,4900,1280
HP,Convertible,Nuevo,GadgetPlus,2016,250,128
Sony,Gaming,Nuevo,GadgetPlus,2020,1700,768
Asus,Laptop,Nuevo,ElectroShop,2005,3050,896
Asus,Laptop,Certificado,PCWorld,2011,1400,768
Sony,Gaming,Nuevo,GadgetPlus,2016,2000,1024
Asus,Gaming,Usado,GadgetPlus,2010,3400,1152
Apple,Gaming,Nuevo,PCWorld,2007,3050,1792
Acer,Laptop,Certificado,ElectroShop,2016,850,768
Acer,Gaming,Nuevo,PCWorld,2000,1150,768
Sony,Laptop,Nuevo,GadgetPlus,2000,2100,256
Lenovo,Workstation,Certificado,ComputoMx,2001,1900,1536
Toshiba,Workstation,Nuevo,TechStore,2006,3500,1280
Apple,Workstation,Certificado,TechStore,2006,2850,1792
Toshiba,Convertible,Usado,ElectroShop,2004,4150,768
MSI,Laptop,Usado,ElectroShop,2019,4550,1664
MSI,Convertible,Certificado,TechStore,2023,2900,768
Asus,Gaming,Nuevo,ElectroShop,2012,2700,256
Asus,Desktop,Nuevo,TechStore,2001,4900,256
Lenovo,Workstation,Nuevo,PCWorld,2006,4950,256
Apple,Laptop,Certificado,GadgetPlus,2011,2250,1664
Samsung,Convertible,Certificado,ElectroShop,2002,2850,1024
Lenovo,Gaming,Usado,PCWorld,2013,3850,1408
Apple,Convertible,Nuevo,ElectroShop,2014,4350,1280
Toshiba,Laptop,Certificado,ComputoMx,2022,3200,384
Acer,Gaming,Nuevo,PCWorld,2001,1300,1280
Lenovo,Desktop,Usado,TechStore,2016,3600,256
Samsung,Gaming,Nuevo,GadgetPlus,2015,4950,256
Lenovo,All-in-One,Certificado,ComputoMx,2002,2250,1280
Asus,Desktop,Certificado,PCWorld,2018,1650,1792
HP,Gaming,Nuevo,ElectroShop,2019,2900,1920
Asus,All-in-One,Certificado,ComputoMx,2016,3000,1920
Sony,Desktop,Nuevo,TechStore,2021,4700,1408
Toshiba,Convertible,Usado,PCWorld,2009,650,384
Toshiba,Laptop,Nuevo,ElectroShop,2016,1950,1152
Samsung,Workstation,Usado,PCWorld,2018,2300,1536
MSI,Gaming,Usado,ElectroShop,2001,3900,128
MSI,Gaming,Usado,GadgetPlus,2018,4700,896
Samsung,Desktop,Certificado,GadgetPlus,2022,2700,256
Acer,Convertible,Nuevo,GadgetPlus,2002,2350,384
Lenovo,Desktop,Usado,ElectroShop,2010,650,1280
Asus,Gaming,Usado,TechStore,2015,4900,128
HP,Laptop,Nuevo,GadgetPlus,2008,2650,896
Asus,Workstation,Certificado,ComputoMx,2016,2500,1408
Acer,Convertible,Usado,ElectroShop,2005,600,1536
Sony,Workstation,Nuevo,TechStore,2023,950,896
Samsung,Convertible,Certificado,TechStore,2008,2100,640
Dell,Gaming,Usado,TechStore,2015,900,384
MSI,Convertible,Nuevo,GadgetPlus,2000,2750,1792
Samsung,Convertible,Nuevo,ComputoMx,2019,550,384
Sony,Convertible,Usado,ElectroShop,2014,3350,1024
Toshiba,Desktop,Usado,TechStore,2023,4950,1920
Apple,Desktop,Certificado,PCWorld,2022,1250,896
Samsung,Gaming,Usado,PCWorld,2013,1200,896
Asus,Laptop,Nuevo,ComputoMx,2018,550,640
Asus,Convertible,Nuevo,ComputoMx,2009,4050,128
Sony,Gaming,Certificado,ComputoMx,2020,4300,640
Dell,Gaming,Usado,TechStore,2014,3100,768
Apple,Gaming,Usado,GadgetPlus,2006,1900,1024
Asus,Desktop,Usado,ComputoMx,2008,3100,1536
Asus,Gaming,Certificado,GadgetPlus,2023,3250,512
Acer,All-in-One,Usado,ComputoMx,2010,750,640
MSI,Workstation,Usado,ComputoMx,2003,2850,896
Samsung,Desktop,Usado,ElectroShop,2023,4000,640
HP,Workstation,Certificado,ElectroShop,2006,1350,768
Samsung,Workstation,Certificado,GadgetPlus,2008,2300,1920
MSI,All-in-One,Usado,ElectroShop,2019,2000,1792
Toshiba,Laptop,Nuevo,ComputoMx,2024,250,1024
Samsung,Workstation,Nuevo,GadgetPlus,2022,650,256
HP,Gaming,Certificado,ComputoMx,2005,4800,1664
Dell,All-in-One,Nuevo,GadgetPlus,2006,250,1024
Dell,Convertible,Usado,GadgetPlus,2002,1100,1920
Sony,Convertible,Certificado,PCWorld,2015,700,1792
Lenovo,Desktop,Certificado,GadgetPlus,2014,4400,1664
Samsung,Workstation,Certificado,TechStore,2023,3450,768
Samsung,Desktop,Nuevo,GadgetPlus,2004,3250,896
Sony,Laptop,Certificado,PCWorld,2007,1750,1664
Toshiba,Gaming,Nuevo,TechStore,2023,3900,384
Acer,All-in-One,Nuevo,PCWorld,2022,500,1792
HP,Gaming,Usado,TechStore,2007,4500,640
Lenovo,Laptop,Usado,PCWorld,2009,2450,768
Dell,Convertible,Usado,PCWorld,2019,1150,768
HP,Workstation,Nuevo,GadgetPlus,2007,2100,512
Acer,Laptop,Usado,TechStore,2008,400,1536
Dell,Workstation,Usado,PCWorld,2006,3850,512
Dell,All-in-One,Nuevo,PCWorld,2001,4250,1920
Sony,Desktop,Nuevo,TechStore,2005,3750,512
Dell,Desktop,Certificado,ComputoMx,2017,4050,1024
Sony,Workstation,Usado,PCWorld,2000,4500,1664
HP,Workstation,Usado,ElectroShop,2021,4600,1664
Sony,Desktop,Usado,ElectroShop,2011,1450,1280
Sony,Desktop,Nuevo,PCWorld,2001,4700,512
HP,Gaming,Certificado,PCWorld,2006,550,1792
MSI,Desktop,Certificado,ElectroShop,2014,3800,1280
Sony,Gaming,Usado,PCWorld,2003,4050,256
Acer,Gaming,Nuevo,TechStore,2003,1350,1536
Acer,Convertible,Certificado,PCWorld,2005,4750,640
Samsung,Convertible,Certificado,TechStore,2015,2000,1536
Asus,Workstation,Usado,GadgetPlus,2023,3900,640
Apple,Desktop,Nuevo,PCWorld,2016,1300,896
Toshiba,All-in-One,Usado,ComputoMx,2011,2350,1280
Lenovo,Convertible,Nuevo,ComputoMx,2024,1150,1408
Lenovo,Convertible,Usado,ComputoMx,2007,1400,1152
Samsung,Convertible,Certificado,ElectroShop,2021,900,512
Toshiba,Laptop,Certificado,ElectroShop,2008,3200,256
Samsung,Workstation,Certificado,PCWorld,2024,2450,512
Asus,Desktop,Usado,GadgetPlus,2019,500,1280
MSI,Workstation,Certificado,TechStore,2018,1350,512
HP,Convertible,Nuevo,ElectroShop,2007,1150,384
Samsung,Workstation,Usado,GadgetPlus,2011,3900,256
Acer,Convertible,Nuevo,ComputoMx,2003,2400,1408
Toshiba,Workstation,Usado,GadgetPlus,2023,1450,1024
